"","signature","padj","comparison","method","ln_padj"
"1","serum_AD_v_healthy_BSL",0.000444097998861121,"advh","LEANR+ORA",7.71946530173104
"2","serum_AD_v_healthy_BSL",9.82027294844043e-06,"advh","LEANR+ORA",11.5310616408273
"3","serum_AD_v_healthy_BSL",3.35887457519102e-13,"advh","LEANR+ORA",28.7220002389149
"4","serum_AD_v_healthy_BSL",2.25244348169092e-13,"advh","LEANR+ORA",29.1215905901062
"5","serum_AD_v_healthy_BSL",6.08523709259909e-11,"advh","LEANR+ORA",23.5225703338031
"6","serum_AD_v_healthy_BSL",9.13212732077655e-11,"advh","LEANR+ORA",23.1166373520978
"7","serum_AD_v_healthy_BSL",7.88617436908617e-05,"advh","LEANR+ORA",9.44781431853858
"8","serum_AD_v_healthy_BSL",1.31728534552801e-07,"advh","LEANR+ORA",15.8425225883942
"9","serum_AD_v_healthy_BSL",0.000101096348004457,"advh","LEANR+ORA",9.19943655519704
"10","serum_AD_v_healthy_BSL",0.00407653852747321,"advh","LEANR+ORA",5.50250705079026
"11","serum_AD_v_healthy_BSL",5.39325628315301e-13,"advh","LEANR+ORA",28.2484568722516
"12","serum_AD_v_healthy_BSL",5.27082076850061e-09,"advh","LEANR+ORA",19.0610797429714
"13","serum_AD_v_healthy_BSL",0.000131693920950917,"advh","LEANR+ORA",8.93503010858775
"14","serum_AD_v_healthy_BSL",7.51851368659602e-12,"advh","LEANR+ORA",25.6136526455608
"15","serum_AD_v_healthy_BSL",2.51714367665628e-05,"advh","LEANR+ORA",10.5898006679447
"16","serum_AD_v_healthy_BSL",3.98381598870141e-14,"advh","LEANR+ORA",30.8539511508359
"17","serum_AD_v_healthy_BSL",0.000117186252908208,"advh","LEANR+ORA",9.05174598370613
"18","serum_AD_v_healthy_BSL",1.34376027166354e-07,"advh","LEANR+ORA",15.822623794065
"19","serum_AD_v_healthy_BSL",1.20951332820631e-13,"advh","LEANR+ORA",29.7433881383153
"20","serum_AD_v_healthy_BSL",9.11432827359526e-08,"advh","LEANR+ORA",16.2108330331511
"21","serum_AD_v_healthy_BSL",7.52399948685578e-11,"advh","LEANR+ORA",23.3103381796967
"22","serum_AD_v_healthy_BSL",1.94723116700485e-05,"advh","LEANR+ORA",10.8465170157847
"23","serum_AD_v_healthy_BSL",9.01379443246639e-09,"advh","LEANR+ORA",18.5245097183001
"24","serum_AD_v_healthy_BSL",1.71182311218942e-14,"advh","LEANR+ORA",31.6986323518545
"25","serum_AD_v_healthy_BSL",0.000721305050228375,"advh","LEANR+ORA",7.2344484169148
"26","serum_AD_v_healthy_BSL",9.11581628754519e-09,"advh","LEANR+ORA",18.5132548785145
"27","serum_AD_v_healthy_BSL",9.09380051555116e-08,"advh","LEANR+ORA",16.2130878246213
"28","serum_AD_v_healthy_BSL",3.13973603986467e-08,"advh","LEANR+ORA",17.2765420113031
"29","serum_AD_v_healthy_BSL",1.8882985349508e-14,"advh","LEANR+ORA",31.6005151243677
"30","serum_AD_v_healthy_BSL",5.11913926779411e-13,"advh","LEANR+ORA",28.3006198957625
"31","serum_AD_v_healthy_BSL",4.08921891318067e-13,"advh","LEANR+ORA",28.5252522318783
"32","serum_AD_v_healthy_BSL",1.14881440024144e-12,"advh","LEANR+ORA",27.4922906616662
"33","serum_AD_v_healthy_BSL",1.84262742440797e-12,"advh","LEANR+ORA",27.0198286148081
"34","serum_AD_v_healthy_BSL",3.98624546119276e-08,"advh","LEANR+ORA",17.0378309432267
"35","serum_AD_v_healthy_BSL",1.20951332820631e-13,"advh","LEANR+ORA",29.7433881383153
"36","serum_AD_v_healthy_BSL",1.76568131043434e-10,"advh","LEANR+ORA",22.457314302461
"37","serum_AD_v_healthy_BSL",1.38873947369766e-10,"advh","LEANR+ORA",22.6974544476931
"38","serum_AD_v_healthy_BSL",5.69645703427252e-05,"advh","LEANR+ORA",9.77308105632091
"39","serum_AD_v_healthy_BSL",0.000181961843384329,"advh","LEANR+ORA",8.61171354460193
"40","serum_AD_v_healthy_BSL",5.54262823144523e-11,"advh","LEANR+ORA",23.615967224664
"41","serum_AD_v_healthy_BSL",2.01806410410534e-08,"advh","LEANR+ORA",17.7185420563682
"42","serum_AD_v_healthy_BSL",4.17533952846986e-14,"advh","LEANR+ORA",30.8069956227361
"43","serum_AD_v_healthy_BSL",3.75391113770732e-05,"advh","LEANR+ORA",10.190127198448
"44","serum_AD_v_healthy_BSL",1.06474668285495e-09,"advh","LEANR+ORA",20.6605289225516
"45","serum_AD_v_healthy_BSL",1.38873947369766e-10,"advh","LEANR+ORA",22.6974544476931
"46","serum_AD_v_healthy_BSL",2.25244348169092e-13,"advh","LEANR+ORA",29.1215905901062
"47","serum_AD_v_healthy_BSL",3.0192424712405e-14,"advh","LEANR+ORA",31.1311853393324
"48","serum_AD_v_healthy_BSL",1.23727324513835e-11,"advh","LEANR+ORA",25.1155260605154
"49","serum_AD_v_healthy_BSL",1.13777256285086e-13,"advh","LEANR+ORA",29.8045337500898
"50","serum_AD_v_healthy_BSL",1.53444748067231e-13,"advh","LEANR+ORA",29.5054358401248
"51","serum_AD_v_healthy_BSL",1.51465830362634e-11,"advh","LEANR+ORA",24.9132461515725
"52","serum_AD_v_healthy_BSL",1.80337008593307e-08,"advh","LEANR+ORA",17.8310235596002
"53","serum_AD_v_healthy_BSL",7.49246043363357e-09,"advh","LEANR+ORA",18.709368597548
"54","serum_AD_v_healthy_BSL",1.71182311218942e-14,"advh","LEANR+ORA",31.6986323518545
"55","serum_AD_v_healthy_BSL",1.94079979525061e-13,"advh","LEANR+ORA",29.2705060552124
"56","serum_AD_v_healthy_BSL",4.13604796279478e-10,"advh","LEANR+ORA",21.6061101963812
"57","serum_AD_v_healthy_BSL",0.000395697557960444,"advh","LEANR+ORA",7.83486038103383
"58","serum_AD_v_healthy_BSL",4.17533952846986e-14,"advh","LEANR+ORA",30.8069956227361
"59","serum_AD_v_healthy_BSL",1.14903258316405e-12,"advh","LEANR+ORA",27.4921007596189
"60","serum_AD_v_healthy_BSL",0.000101096348004457,"advh","LEANR+ORA",9.19943655519704
"61","serum_AD_v_healthy_BSL",7.88617436908617e-05,"advh","LEANR+ORA",9.44781431853858
"62","serum_AD_v_healthy_BSL",1.56776943471823e-08,"advh","LEANR+ORA",17.971026877021
"63","serum_AD_v_healthy_BSL",5.1316765870304e-13,"advh","LEANR+ORA",28.2981737830501
"64","serum_AD_v_healthy_BSL",2.92458846528014e-13,"advh","LEANR+ORA",28.860452433768
"65","serum_AD_v_healthy_BSL",4.82559179686752e-13,"advh","LEANR+ORA",28.3596728294523
"66","serum_AD_v_healthy_BSL",1.79605025640729e-06,"advh","LEANR+ORA",13.2299206060664
"67","serum_AD_v_healthy_BSL",1.67865024853539e-10,"advh","LEANR+ORA",22.5078608829338
"68","serum_AD_v_healthy_BSL",2.62945809127179e-12,"advh","LEANR+ORA",26.664243339916
"69","serum_AD_v_healthy_BSL",2.02098690884014e-15,"advh","LEANR+ORA",33.8351904340757
"70","serum_AD_v_healthy_BSL",1.67792026807392e-05,"advh","LEANR+ORA",10.9953703741007
"71","serum_AD_v_healthy_BSL",8.23049765843189e-12,"advh","LEANR+ORA",25.5231746342425
"72","serum_AD_v_healthy_BSL",0.000248028583764731,"advh","LEANR+ORA",8.30196656132503
"73","serum_AD_v_healthy_BSL",9.11581628754519e-09,"advh","LEANR+ORA",18.5132548785145
"74","serum_AD_v_healthy_BSL",7.25628028317543e-11,"advh","LEANR+ORA",23.3465686830872
"75","serum_AD_v_healthy_BSL",3.62852512514173e-12,"advh","LEANR+ORA",26.3421948518285
"76","serum_AD_v_healthy_BSL",5.23469082173815e-14,"advh","LEANR+ORA",30.5808835191781
"77","serum_AD_v_healthy_BSL",9.8746388861899e-14,"advh","LEANR+ORA",29.9462215602852
"78","serum_AD_v_healthy_BSL",3.85908322890157e-13,"advh","LEANR+ORA",28.5831765591207
"79","serum_AD_v_healthy_BSL",4.84833647172999e-11,"advh","LEANR+ORA",23.7498003723411
"80","serum_AD_v_healthy_BSL",3.85908322890157e-13,"advh","LEANR+ORA",28.5831765591207
"81","serum_AD_v_healthy_BSL",5.15926907444252e-09,"advh","LEANR+ORA",19.0824709197264
"82","serum_AD_v_healthy_BSL",1.31728534552801e-07,"advh","LEANR+ORA",15.8425225883942
"83","serum_AD_v_healthy_BSL",1.83877252605021e-13,"advh","LEANR+ORA",29.324507965323
"84","serum_AD_v_healthy_BSL",7.62150134834929e-13,"advh","LEANR+ORA",27.902632831289
"85","serum_AD_v_healthy_BSL",1.98836676281363e-09,"advh","LEANR+ORA",20.0359522573911
"86","serum_AD_v_healthy_BSL",6.53467384315212e-13,"advh","LEANR+ORA",28.0564837723265
"87","serum_AD_v_healthy_BSL",2.59069367362206e-12,"advh","LEANR+ORA",26.6790954484232
"88","serum_AD_v_healthy_BSL",0.000212789769578103,"advh","LEANR+ORA",8.4552058769433
"89","serum_AD_v_healthy_BSL",7.03204760621643e-12,"advh","LEANR+ORA",25.6805431856288
"90","serum_AD_v_healthy_BSL",4.12221379046235e-13,"advh","LEANR+ORA",28.5172158620879
"91","serum_AD_v_healthy_BSL",6.53467384315212e-13,"advh","LEANR+ORA",28.0564837723265
"92","serum_AD_v_healthy_BSL",7.47698139236592e-07,"advh","LEANR+ORA",14.1062664975934
"93","serum_AD_v_healthy_BSL",1.20951332820631e-13,"advh","LEANR+ORA",29.7433881383153
"94","serum_AD_v_healthy_BSL",9.02484104038179e-09,"advh","LEANR+ORA",18.5232849461367
"95","serum_AD_v_healthy_BSL",1.14881440024144e-12,"advh","LEANR+ORA",27.4922906616662
"96","serum_AD_v_healthy_BSL",1.2245594043705e-14,"advh","LEANR+ORA",32.0336101925183
"97","serum_AD_v_healthy_BSL",1.7701676068037e-13,"advh","LEANR+ORA",29.3625319737105
"98","serum_AD_v_healthy_BSL",1.32682061685251e-05,"advh","LEANR+ORA",11.2301398982208
"99","serum_AD_v_healthy_BSL",9.28561541328732e-13,"advh","LEANR+ORA",27.7051397359388
"100","serum_AD_v_healthy_BSL",9.08619087856684e-14,"advh","LEANR+ORA",30.0294355268134
"101","serum_AD_v_healthy_BSL",0.000385592032256167,"advh","LEANR+ORA",7.86073065867745
"102","serum_AD_v_healthy_BSL",5.85371118620996e-11,"advh","LEANR+ORA",23.5613601720264
"103","serum_AD_v_healthy_BSL",1.13846253738274e-08,"advh","LEANR+ORA",18.2910020432134
"104","serum_AD_v_healthy_BSL",5.24217704144792e-12,"advh","LEANR+ORA",25.9742842379525
"105","serum_AD_v_healthy_BSL",2.17838970408828e-15,"advh","LEANR+ORA",33.7601904589086
"106","serum_AD_v_healthy_BSL",1.67865024853539e-10,"advh","LEANR+ORA",22.5078608829338
"107","serum_AD_v_healthy_BSL",7.92331234701292e-07,"advh","LEANR+ORA",14.048286306931
"108","serum_AD_v_healthy_BSL",3.46671978913869e-06,"advh","LEANR+ORA",12.5723017168125
"109","serum_AD_v_healthy_BSL",2.972195895089e-11,"advh","LEANR+ORA",24.239134984695
"110","serum_AD_v_healthy_BSL",1.50515543042575e-11,"advh","LEANR+ORA",24.9195398540359
"111","serum_AD_v_healthy_BSL",2.52112626647333e-08,"advh","LEANR+ORA",17.4959750111328
"112","serum_AD_v_healthy_BSL",8.24754309790896e-06,"advh","LEANR+ORA",11.7055952082849
"113","serum_AD_v_healthy_BSL",2.25244348169092e-13,"advh","LEANR+ORA",29.1215905901062
"114","serum_AD_v_healthy_BSL",1.14881440024144e-12,"advh","LEANR+ORA",27.4922906616662
"115","serum_AD_v_healthy_BSL",9.08619087856684e-14,"advh","LEANR+ORA",30.0294355268134
"116","serum_AD_v_healthy_BSL",8.96232844718116e-12,"advh","LEANR+ORA",25.4379910513652
"117","serum_AD_v_healthy_BSL",3.21526983995569e-12,"advh","LEANR+ORA",26.463109830204
"118","serum_AD_v_healthy_BSL",2.1961105316121e-14,"advh","LEANR+ORA",31.4495034463793
"119","serum_AD_v_healthy_BSL",2.25244348169092e-13,"advh","LEANR+ORA",29.1215905901062
"120","serum_AD_v_healthy_BSL",3.68349584603399e-11,"advh","LEANR+ORA",24.024573763517
"121","serum_AD_v_healthy_BSL",1.24073065695583e-10,"advh","LEANR+ORA",22.8101504843764
"122","serum_AD_v_healthy_BSL",1.80337008593307e-08,"advh","LEANR+ORA",17.8310235596002
"123","serum_AD_v_healthy_BSL",3.27323160187484e-07,"advh","LEANR+ORA",14.9323178966
"124","serum_AD_v_healthy_BSL",1.35495953777738e-12,"advh","LEANR+ORA",27.3272495234617
"125","serum_AD_v_healthy_BSL",1.78556157441624e-11,"advh","LEANR+ORA",24.7487030496654
"126","serum_AD_v_healthy_BSL",1.15697498333104e-10,"advh","LEANR+ORA",22.8800421039756
"127","serum_AD_v_healthy_BSL",0.000117504912649304,"advh","LEANR+ORA",9.04903041547276
"128","serum_AD_v_healthy_BSL",9.39280078411126e-05,"advh","LEANR+ORA",9.27298194315633
"129","serum_AD_m3_v_m0_DP",1.32606349494817e-05,"dupi","LEANR+ORA",11.2307106897767
"130","LS_pre_post_DPL",0.000308463249658537,"dupi","LEANR+ORA",8.08390784761914
"131","LS_pre_post_DPL",6.26694396555039e-34,"dupi","LEANR+ORA",76.4526043317869
"132","LS_v_NL_BSL",1.14921897113394e-22,"dupi","LEANR+ORA",50.5177894897601
"133","serum_AD_m3_v_m0_DP",2.64476281832959e-21,"dupi","LEANR+ORA",47.3817055632945
"134","LS_Dup_W16",8.67350714065028e-10,"dupi","LEANR+ORA",20.8655777064494
"135","LS_Dup_W4",1.58870526908854e-08,"dupi","LEANR+ORA",17.9577613556102
"136","LS_v_NL_post_DP",4.27486655119536e-08,"dupi","LEANR+ORA",16.9679278581455
"137","LS_pre_post_DPL",2.45412171488177e-16,"dupi","LEANR+ORA",35.9435925442797
"138","LS_v_NL_BSL",1.77925889900859e-09,"dupi","LEANR+ORA",20.1470689082112
"139","LS_v_NL_post_DP",2.868544131185e-06,"dupi","LEANR+ORA",12.7617059282625
"140","LS_pre_post_DPL",1.98340000131952e-07,"dupi","LEANR+ORA",15.4332831065231
"141","LS_v_NL_BSL",1.60621822950043e-05,"dupi","LEANR+ORA",11.0390429748038
"142","LS_v_NL_post_DP",0.0388026244545511,"dupi","LEANR+ORA",3.24926739405922
"143","LS_pre_post_DPL",9.2064941275413e-21,"dupi","LEANR+ORA",46.1343778344101
"144","LS_v_NL_BSL",1.22575811155894e-13,"dupi","LEANR+ORA",29.7300466897661
"145","serum_AD_m3_v_m0_DP",1.53367608295379e-08,"dupi","LEANR+ORA",17.9930132217439
"146","LS_v_NL_post_DP",2.27443766742357e-07,"dupi","LEANR+ORA",15.2963628082637
"147","LS_pre_post_DPL",6.43120037278706e-46,"dupi","LEANR+ORA",104.057753073729
"148","LS_v_NL_BSL",6.18009031210676e-29,"dupi","LEANR+ORA",64.953634811855
"149","serum_AD_m3_v_m0_DP",5.8138212139717e-26,"dupi","LEANR+ORA",58.1069743671322
"150","LS_v_NL_post_DP",6.17391199271098e-13,"dupi","LEANR+ORA",28.1132735374452
"151","LS_Dup_W16",3.7318981244764e-11,"dupi","LEANR+ORA",24.0115190381579
"152","LS_Dup_W4",1.36227872423718e-08,"dupi","LEANR+ORA",18.1115219138157
"153","LS_pre_post_DPL",4.93644842351165e-44,"dupi","LEANR+ORA",99.7170979617103
"154","LS_v_NL_BSL",6.52199446662292e-31,"dupi","LEANR+ORA",69.5049576538659
"155","serum_AD_m3_v_m0_DP",9.41629038049515e-27,"dupi","LEANR+ORA",59.9273563023067
"156","LS_v_NL_post_DP",4.2287972374442e-11,"dupi","LEANR+ORA",23.8865184113386
"157","LS_Dup_W16",1.15572166584566e-10,"dupi","LEANR+ORA",22.8811259621708
"158","LS_Dup_W4",1.40705841173968e-09,"dupi","LEANR+ORA",20.3817645445802
"159","serum_AD_m3_v_m0_DP",2.01001551672395e-06,"dupi","LEANR+ORA",13.1173681161599
"160","LS_v_NL_BSL",0.0309453790747438,"dupi","LEANR+ORA",3.47553159391452
"161","LS_pre_post_DPL",3.00636152060636e-29,"dupi","LEANR+ORA",65.6742371463918
"162","serum_AD_m3_v_m0_DP",1.24516211362625e-20,"dupi","LEANR+ORA",45.8324361266931
"163","LS_v_NL_BSL",1.07867748493883e-15,"dupi","LEANR+ORA",34.4630406551323
"164","LS_v_NL_post_DP",6.97026275671247e-07,"dupi","LEANR+ORA",14.1764427286594
"165","LS_Dup_W16",5.77857361158411e-06,"dupi","LEANR+ORA",12.0613536857379
"166","LS_Dup_W4",0.000109120770276829,"dupi","LEANR+ORA",9.12305530490551
"167","LS_v_NL_DP_W0",0.00694200928955953,"dupi","LEANR+ORA",4.97016402337583
"168","LS_pre_post_DPL",2.74214238851732e-28,"dupi","LEANR+ORA",63.4636430953334
"169","serum_AD_m3_v_m0_DP",1.67846196243801e-22,"dupi","LEANR+ORA",50.1389941703274
"170","LS_v_NL_BSL",1.9854856256257e-18,"dupi","LEANR+ORA",40.7606681420047
"171","LS_v_NL_post_DP",1.93212637952727e-11,"dupi","LEANR+ORA",24.6698148754496
"172","LS_Dup_W16",4.8386822110338e-09,"dupi","LEANR+ORA",19.1466234237378
"173","LS_pre_post_DPL",4.86895741489424e-29,"dupi","LEANR+ORA",65.1920878658358
"174","LS_v_NL_BSL",5.4264994097209e-21,"dupi","LEANR+ORA",46.6629927027482
"175","serum_AD_m3_v_m0_DP",3.25192061660043e-16,"dupi","LEANR+ORA",35.6621157071566
"176","LS_v_NL_post_DP",9.78840722032343e-08,"dupi","LEANR+ORA",16.1394819951994
"177","LS_Dup_W16",7.00056474940522e-07,"dupi","LEANR+ORA",14.1721048266709
"178","LS_pre_post_DPL",5.52980352125876e-36,"dupi","LEANR+ORA",81.1829110624922
"179","serum_AD_m3_v_m0_DP",4.07195770053955e-30,"dupi","LEANR+ORA",67.6734288985103
"180","LS_v_NL_BSL",7.37315061263166e-27,"dupi","LEANR+ORA",60.1719524044489
"181","LS_Dup_W16",5.29729335331466e-10,"dupi","LEANR+ORA",21.3586549278818
"182","LS_v_NL_post_DP",7.9021550271644e-10,"dupi","LEANR+ORA",20.9587154194188
"183","LS_Dup_W4",3.85352039214299e-07,"dupi","LEANR+ORA",14.7691085328867
"184","LS_pre_post_DPL",3.24618590980717e-44,"dupi","LEANR+ORA",100.136263350778
"185","LS_v_NL_BSL",1.56767836180768e-27,"dupi","LEANR+ORA",61.7202017363505
"186","serum_AD_m3_v_m0_DP",2.52097935791071e-26,"dupi","LEANR+ORA",58.942564957729
"187","LS_Dup_W16",3.55938659301672e-13,"dupi","LEANR+ORA",28.6640179842373
"188","LS_v_NL_post_DP",1.44310322049447e-11,"dupi","LEANR+ORA",24.9616402138268
"189","LS_Dup_W4",4.23213371589346e-10,"dupi","LEANR+ORA",21.5831446395005
"190","LS_v_NL_DP_W0",4.95521319319388e-06,"dupi","LEANR+ORA",12.2150703652363
"191","LS_pre_post_DPL",3.67993287104691e-12,"dupi","LEANR+ORA",26.3281266054774
"192","LS_v_NL_BSL",8.64552839209017e-08,"dupi","LEANR+ORA",16.263638505564
"193","serum_AD_m3_v_m0_DP",4.67454259637029e-07,"dupi","LEANR+ORA",14.575964333353
"194","LS_Dup_W16",0.00024427528928925,"dupi","LEANR+ORA",8.31721473385763
"195","LS_v_NL_post_DP",0.000540196882666897,"dupi","LEANR+ORA",7.52357688732419
"196","serum_AD_m3_v_m0_DP",1.13519670070487e-08,"dupi","LEANR+ORA",18.2938748034487
"197","LS_pre_post_DPL",1.36059096960955e-07,"dupi","LEANR+ORA",15.8101765091164
"198","LS_v_NL_BSL",9.2686300506301e-07,"dupi","LEANR+ORA",13.8914600654051
"199","LS_Dup_W16",0.0127733656275738,"dupi","LEANR+ORA",4.36039308629605
"200","LS_pre_post_DPL",4.06026404223033e-35,"dupi","LEANR+ORA",79.1892302482605
"201","LS_v_NL_BSL",1.10463719845749e-23,"dupi","LEANR+ORA",52.8599401849923
"202","serum_AD_m3_v_m0_DP",7.51636769583126e-18,"dupi","LEANR+ORA",39.4294486717938
"203","LS_Dup_W4",4.55958862159269e-10,"dupi","LEANR+ORA",21.5086185250467
"204","LS_v_NL_post_DP",6.69010854930133e-09,"dupi","LEANR+ORA",18.8226357373323
"205","LS_Dup_W16",5.80540178412894e-08,"dupi","LEANR+ORA",16.6618919177387
"206","LS_pre_post_DPL",3.51617919590072e-17,"dupi","LEANR+ORA",37.8865716365325
"207","LS_v_NL_BSL",2.81592381752316e-12,"dupi","LEANR+ORA",26.5957307314351
"208","serum_AD_m3_v_m0_DP",1.20037761312604e-10,"dupi","LEANR+ORA",22.8432147450421
"209","LS_v_NL_post_DP",1.60473867235819e-05,"dupi","LEANR+ORA",11.0399645426057
"210","serum_AD_m3_v_m0_DP",8.64926731665594e-06,"dupi","LEANR+ORA",11.6580359438848
"211","LS_pre_post_DPL",4.01743915650762e-33,"dupi","LEANR+ORA",74.5946633949041
"212","LS_v_NL_BSL",4.01577266703881e-24,"dupi","LEANR+ORA",53.8718124578829
"213","serum_AD_m3_v_m0_DP",1.22984229066098e-22,"dupi","LEANR+ORA",50.4499861036803
"214","LS_Dup_W16",7.29861608361201e-09,"dupi","LEANR+ORA",18.7355810843516
"215","LS_v_NL_post_DP",9.7123952505819e-08,"dupi","LEANR+ORA",16.1472778133276
"216","LS_pre_post_DPL",4.71811477925239e-33,"dupi","LEANR+ORA",74.4338987601673
"217","serum_AD_m3_v_m0_DP",5.73904527035048e-30,"dupi","LEANR+ORA",67.3302599225314
"218","LS_v_NL_BSL",2.44224079095521e-22,"dupi","LEANR+ORA",49.7639560710468
"219","LS_Dup_W16",4.01130642830686e-09,"dupi","LEANR+ORA",19.3341488560916
"220","LS_Dup_W4",9.87661912347587e-07,"dupi","LEANR+ORA",13.8279253917404
"221","LS_v_NL_post_DP",3.84578775053822e-06,"dupi","LEANR+ORA",12.4685320993881
"222","LS_v_NL_DP_W0",0.00199332159457226,"dupi","LEANR+ORA",6.21795288871562
"223","LS_pre_post_DPL",1.12174328003812e-39,"dupi","LEANR+ORA",89.6859346515174
"224","serum_AD_m3_v_m0_DP",3.69505272233314e-29,"dupi","LEANR+ORA",65.4679728739679
"225","LS_v_NL_BSL",4.22654808591693e-23,"dupi","LEANR+ORA",51.5180715342981
"226","LS_v_NL_post_DP",3.64803159192829e-13,"dupi","LEANR+ORA",28.6394184766799
"227","LS_Dup_W16",2.74689573216759e-11,"dupi","LEANR+ORA",24.3179645735248
"228","LS_Dup_W4",5.92474514730203e-08,"dupi","LEANR+ORA",16.6415430709698
"229","LS_v_NL_DP_W0",3.12300675119963e-05,"dupi","LEANR+ORA",10.3741292249042
"230","LS_pre_post_DPL",2.10113074168066e-40,"dupi","LEANR+ORA",91.3609280715244
"231","serum_AD_m3_v_m0_DP",1.13763932155117e-25,"dupi","LEANR+ORA",57.4356719800237
"232","LS_v_NL_BSL",4.71852917581208e-23,"dupi","LEANR+ORA",51.4079600031218
"233","LS_v_NL_post_DP",7.73834514438918e-12,"dupi","LEANR+ORA",25.5848332568211
"234","LS_Dup_W16",8.34926066857541e-10,"dupi","LEANR+ORA",20.9036779376834
"235","LS_Dup_W4",1.68315091416779e-06,"dupi","LEANR+ORA",13.2948429770384
"236","LS_v_NL_DP_W0",0.00258105494523033,"dupi","LEANR+ORA",5.95955707012265
"237","LS_pre_post_DPL",2.70952765383909e-29,"dupi","LEANR+ORA",65.7781933746036
"238","serum_AD_m3_v_m0_DP",8.04575645158447e-19,"dupi","LEANR+ORA",41.6639719633197
"239","LS_v_NL_BSL",3.11565589029016e-16,"dupi","LEANR+ORA",35.7049217991491
"240","LS_v_NL_post_DP",5.98709294107607e-09,"dupi","LEANR+ORA",18.9336598613094
"241","LS_Dup_W16",1.54730905672373e-07,"dupi","LEANR+ORA",15.6815783212184
"242","LS_pre_post_DPL",2.67467370650563e-41,"dupi","LEANR+ORA",93.4221614187243
"243","LS_v_NL_BSL",1.77694368066338e-29,"dupi","LEANR+ORA",66.2000728416498
"244","serum_AD_m3_v_m0_DP",2.32296547121678e-26,"dupi","LEANR+ORA",59.0243678280431
"245","LS_Dup_W16",1.96755130050066e-12,"dupi","LEANR+ORA",26.954231341007
"246","LS_Dup_W4",6.51909616733293e-12,"dupi","LEANR+ORA",25.7562853742415
"247","LS_v_NL_post_DP",1.51057409228689e-11,"dupi","LEANR+ORA",24.9159462507955
"248","LS_pre_post_DPL",3.71464720724658e-21,"dupi","LEANR+ORA",47.0420032436166
"249","LS_v_NL_BSL",1.32884016796622e-12,"dupi","LEANR+ORA",27.3467146083161
"250","serum_AD_m3_v_m0_DP",3.39705443462519e-12,"dupi","LEANR+ORA",26.4081124025555
"251","LS_Dup_W16",3.39215626167622e-06,"dupi","LEANR+ORA",12.5940447733846
"252","LS_v_NL_post_DP",4.36345811846888e-06,"dupi","LEANR+ORA",12.3422456685399
"253","LS_pre_post_DPL",4.04262816321141e-27,"dupi","LEANR+ORA",60.7729024949243
"254","serum_AD_m3_v_m0_DP",1.80331840345748e-18,"dupi","LEANR+ORA",40.8569031487807
"255","LS_v_NL_BSL",3.41905360137227e-14,"dupi","LEANR+ORA",31.0068275138824
"256","LS_v_NL_post_DP",3.71130618276738e-06,"dupi","LEANR+ORA",12.5041266724805
"257","LS_Dup_W16",0.000125945424121773,"dupi","LEANR+ORA",8.97966188673653
"258","LS_pre_post_DPL",6.21728250376219e-40,"dupi","LEANR+ORA",90.2760708049791
"259","LS_v_NL_BSL",4.22179717295668e-30,"dupi","LEANR+ORA",67.6372918820616
"260","serum_AD_m3_v_m0_DP",5.53659455775524e-27,"dupi","LEANR+ORA",60.4584178998522
"261","LS_Dup_W16",8.45569575405999e-13,"dupi","LEANR+ORA",27.7987659408908
"262","LS_v_NL_post_DP",5.69466844929277e-12,"dupi","LEANR+ORA",25.8914907385832
"263","LS_Dup_W4",6.19038102756208e-09,"dupi","LEANR+ORA",18.9002691968032
"264","serum_AD_m3_v_m0_DP",1.90050891745733e-08,"dupi","LEANR+ORA",17.7785590423524
"265","LS_v_NL_BSL",2.30060800470847e-05,"dupi","LEANR+ORA",10.6797520270961
"266","LS_pre_post_DPL",0.000626995730531803,"dupi","LEANR+ORA",7.3745708267137
"267","LS_pre_post_DPL",7.5750974588219e-28,"dupi","LEANR+ORA",62.4475163866695
"268","serum_AD_m3_v_m0_DP",4.53285174579593e-20,"dupi","LEANR+ORA",44.5403505939951
"269","LS_v_NL_BSL",2.38741761785227e-16,"dupi","LEANR+ORA",35.9711492007389
"270","LS_v_NL_post_DP",3.73546783945504e-09,"dupi","LEANR+ORA",19.4053927679849
"271","LS_Dup_W16",4.0954083767804e-08,"dupi","LEANR+ORA",17.0108143059101
"272","LS_pre_post_DPL",4.8642707211025e-47,"dupi","LEANR+ORA",106.639582569484
"273","serum_AD_m3_v_m0_DP",8.72769527535357e-31,"dupi","LEANR+ORA",69.2136365483504
"274","LS_v_NL_BSL",1.49154724022869e-30,"dupi","LEANR+ORA",68.6777387923843
"275","LS_v_NL_post_DP",2.21300195715069e-13,"dupi","LEANR+ORA",29.139256263466
"276","LS_Dup_W16",3.20777300141766e-13,"dupi","LEANR+ORA",28.7680292815785
"277","LS_Dup_W4",4.02457262332777e-09,"dupi","LEANR+ORA",19.3308471122531
"278","LS_v_NL_DP_W0",6.83124550966817e-07,"dupi","LEANR+ORA",14.196588635338
"279","LS_pre_post_DPL",9.57372062913614e-39,"dupi","LEANR+ORA",87.5417967163845
"280","serum_AD_m3_v_m0_DP",9.78565251543148e-31,"dupi","LEANR+ORA",69.0992205989141
"281","LS_v_NL_BSL",4.77177007487448e-25,"dupi","LEANR+ORA",56.0019100039065
"282","LS_Dup_W16",2.26702963558017e-10,"dupi","LEANR+ORA",22.2073804859023
"283","LS_v_NL_post_DP",5.90515906747241e-10,"dupi","LEANR+ORA",21.250024542894
"284","LS_Dup_W4",7.91476221239922e-09,"dupi","LEANR+ORA",18.654536186718
"285","LS_pre_post_DPL",3.34697324594013e-09,"dupi","LEANR+ORA",19.515209408194
"286","serum_AD_m3_v_m0_DP",1.26136580609445e-06,"dupi","LEANR+ORA",13.5833154509847
"287","LS_v_NL_BSL",0.000107238748767754,"dupi","LEANR+ORA",9.1404529122536
"288","LS_Dup_W16",0.000574626763162482,"dupi","LEANR+ORA",7.46178983547194
"289","LS_v_NL_post_DP",0.000574626763162482,"dupi","LEANR+ORA",7.46178983547194
"290","LS_pre_post_DPL",1.43929552928399e-40,"dupi","LEANR+ORA",91.739249941654
"291","serum_AD_m3_v_m0_DP",1.68712179993366e-29,"dupi","LEANR+ORA",66.2519436967389
"292","LS_v_NL_BSL",2.66705492835009e-27,"dupi","LEANR+ORA",61.1888226702946
"293","LS_Dup_W16",3.04784631758561e-12,"dupi","LEANR+ORA",26.5165859001149
"294","LS_v_NL_post_DP",4.03986609565606e-11,"dupi","LEANR+ORA",23.9322244761503
"295","LS_Dup_W4",2.1549760161017e-10,"dupi","LEANR+ORA",22.2580713358658
"296","LS_pre_post_DPL",2.67643680077091e-28,"dupi","LEANR+ORA",63.4878962459001
"297","LS_v_NL_BSL",1.27145473123301e-23,"dupi","LEANR+ORA",52.7192954362649
"298","serum_AD_m3_v_m0_DP",1.82719375818308e-15,"dupi","LEANR+ORA",33.9359950704926
"299","LS_v_NL_post_DP",9.66093380272268e-09,"dupi","LEANR+ORA",18.4551755264454
"300","LS_Dup_W16",1.78633768596256e-08,"dupi","LEANR+ORA",17.8405132054831
"301","LS_pre_post_DPL",3.74172623229046e-20,"dupi","LEANR+ORA",44.7321547955043
"302","serum_AD_m3_v_m0_DP",1.29451474022342e-11,"dupi","LEANR+ORA",25.0703001159815
"303","LS_v_NL_BSL",5.45498834528533e-11,"dupi","LEANR+ORA",23.6319055401714
"304","LS_v_NL_post_DP",0.000155101836579475,"dupi","LEANR+ORA",8.77142864659157
"305","LS_pre_post_DPL",4.48637192696167e-14,"dupi","LEANR+ORA",30.7351469608822
"306","serum_AD_m3_v_m0_DP",2.00401039090887e-13,"dupi","LEANR+ORA",29.2384558406292
"307","LS_v_NL_BSL",1.28627953069833e-08,"dupi","LEANR+ORA",18.168926777295
"308","LS_Dup_W16",0.00024427528928925,"dupi","LEANR+ORA",8.31721473385763
"309","LS_pre_post_DPL",1.94927916311215e-18,"dupi","LEANR+ORA",40.7790720296007
"310","serum_AD_m3_v_m0_DP",7.76755345114062e-18,"dupi","LEANR+ORA",39.3965764302487
"311","LS_v_NL_BSL",3.90209473938398e-15,"dupi","LEANR+ORA",33.1772628733059
"312","LS_Dup_W16",5.99133489803331e-08,"dupi","LEANR+ORA",16.6303665022238
"313","LS_v_NL_post_DP",1.18676364913646e-05,"dupi","LEANR+ORA",11.3416954853135
"314","serum_AD_m3_v_m0_DP",6.03490308800315e-06,"dupi","LEANR+ORA",12.0179507618696
"315","LS_v_NL_BSL",0.0349675506588066,"dupi","LEANR+ORA",3.35333477157213
"316","LS_pre_post_DPL",5.94480783934386e-25,"dupi","LEANR+ORA",55.7821091183016
"317","serum_AD_m3_v_m0_DP",3.64573586101791e-22,"dupi","LEANR+ORA",49.3633138184744
"318","LS_v_NL_BSL",3.41905360137227e-14,"dupi","LEANR+ORA",31.0068275138824
"319","LS_v_NL_post_DP",1.44280131920998e-07,"dupi","LEANR+ORA",15.7515090665713
"320","LS_Dup_W16",1.90425242866472e-06,"dupi","LEANR+ORA",13.1714210523026
"321","LS_Dup_W4",4.8691110989726e-06,"dupi","LEANR+ORA",12.232599163408
"322","LS_pre_post_DPL",9.31290766917842e-29,"dupi","LEANR+ORA",64.5435663375237
"323","serum_AD_m3_v_m0_DP",1.30438077453592e-24,"dupi","LEANR+ORA",54.9963138059656
"324","LS_v_NL_BSL",4.94498544281657e-16,"dupi","LEANR+ORA",35.2429874666531
"325","LS_Dup_W16",4.35898107190914e-11,"dupi","LEANR+ORA",23.8561976919889
"326","LS_Dup_W4",3.68187533061284e-07,"dupi","LEANR+ORA",14.8146734278698
"327","LS_v_NL_post_DP",7.47667528378182e-07,"dupi","LEANR+ORA",14.1063074385606
"328","LS_v_NL_DP_W0",8.88780456834614e-05,"dupi","LEANR+ORA",9.32824540113453
"329","LS_pre_post_DPL",4.37143938793793e-46,"dupi","LEANR+ORA",104.443821943461
"330","LS_v_NL_BSL",1.17983863589074e-28,"dupi","LEANR+ORA",64.3070049239519
"331","serum_AD_m3_v_m0_DP",1.85807592448229e-26,"dupi","LEANR+ORA",59.247670914735
"332","LS_Dup_W16",1.77902962513757e-12,"dupi","LEANR+ORA",27.0549530546923
"333","LS_v_NL_post_DP",6.55431721152417e-11,"dupi","LEANR+ORA",23.4483120741458
"334","LS_Dup_W4",2.60588253274949e-09,"dupi","LEANR+ORA",19.7654944349506
"335","LS_pre_post_DPL",2.04751710398608e-31,"dupi","LEANR+ORA",70.6635099925101
"336","serum_AD_m3_v_m0_DP",2.35714948038811e-19,"dupi","LEANR+ORA",42.891663725178
"337","LS_v_NL_BSL",1.9854856256257e-18,"dupi","LEANR+ORA",40.7606681420047
"338","LS_v_NL_post_DP",5.85986788573792e-09,"dupi","LEANR+ORA",18.9551387787076
"339","LS_Dup_W16",4.79306791842665e-08,"dupi","LEANR+ORA",16.853510053538
"340","LS_pre_post_DPL",3.01178955450826e-50,"dupi","LEANR+ORA",114.026720211227
"341","LS_v_NL_BSL",4.40083114705287e-31,"dupi","LEANR+ORA",69.8983444626725
"342","serum_AD_m3_v_m0_DP",2.35344022736738e-28,"dupi","LEANR+ORA",63.6165044196337
"343","LS_v_NL_post_DP",1.06675409662718e-13,"dupi","LEANR+ORA",29.868985725556
"344","LS_Dup_W4",8.14308674130003e-13,"dupi","LEANR+ORA",27.8364368942409
"345","LS_Dup_W16",8.66997013240099e-11,"dupi","LEANR+ORA",23.1685706770844
"346","LS_v_NL_DP_W0",2.58956325326918e-05,"dupi","LEANR+ORA",10.5614362315595
"347","LS_pre_post_DPL",2.9276418155732e-34,"dupi","LEANR+ORA",77.2136959039284
"348","LS_v_NL_BSL",2.28192298017591e-25,"dupi","LEANR+ORA",56.7396088249993
"349","serum_AD_m3_v_m0_DP",7.06923245175478e-25,"dupi","LEANR+ORA",55.6088754149444
"350","LS_v_NL_post_DP",9.84707329839865e-13,"dupi","LEANR+ORA",27.6464319249557
"351","LS_Dup_W16",1.58632192961373e-11,"dupi","LEANR+ORA",24.867017938218
"352","LS_pre_post_DPL",1.63128934041877e-44,"dupi","LEANR+ORA",100.824373383208
"353","LS_v_NL_BSL",2.45064570501043e-32,"dupi","LEANR+ORA",72.7863714329114
"354","serum_AD_m3_v_m0_DP",3.52245283625606e-25,"dupi","LEANR+ORA",56.3054697494315
"355","LS_v_NL_post_DP",5.53691956713282e-16,"dupi","LEANR+ORA",35.1299231766038
"356","LS_Dup_W16",1.17044069479202e-10,"dupi","LEANR+ORA",22.8684705898348
"357","LS_pre_post_DPL",3.29501502293667e-44,"dupi","LEANR+ORA",100.121333364481
"358","LS_v_NL_BSL",6.1951915289773e-32,"dupi","LEANR+ORA",71.8589495445029
"359","serum_AD_m3_v_m0_DP",7.36043222585554e-24,"dupi","LEANR+ORA",53.2659235745016
"360","LS_Dup_W16",7.63166878230217e-12,"dupi","LEANR+ORA",25.5987145812696
"361","LS_v_NL_post_DP",8.64500292388607e-12,"dupi","LEANR+ORA",25.4740396585763
"362","LS_Dup_W4",6.17201464916679e-11,"dupi","LEANR+ORA",23.5084107149486
"363","LS_pre_post_DPL",8.66416442392413e-42,"dupi","LEANR+ORA",94.5493784184007
"364","serum_AD_m3_v_m0_DP",6.38956571063307e-32,"dupi","LEANR+ORA",71.8280566736369
"365","LS_v_NL_BSL",1.53391948715404e-28,"dupi","LEANR+ORA",64.0445563878236
"366","LS_v_NL_post_DP",2.17455577241558e-11,"dupi","LEANR+ORA",24.5516116218218
"367","LS_Dup_W16",1.04409686169645e-10,"dupi","LEANR+ORA",22.982698665381
"368","LS_Dup_W4",1.79850455364986e-09,"dupi","LEANR+ORA",20.1363103208807
"369","LS_pre_post_DPL",3.03683896279113e-43,"dupi","LEANR+ORA",97.9003418391797
"370","serum_AD_m3_v_m0_DP",3.60139396575323e-36,"dupi","LEANR+ORA",81.6117423645618
"371","LS_v_NL_BSL",6.00894134270806e-29,"dupi","LEANR+ORA",64.9817191130961
"372","LS_Dup_W16",1.02214529381416e-12,"dupi","LEANR+ORA",27.609117468093
"373","LS_v_NL_post_DP",4.67176692581655e-10,"dupi","LEANR+ORA",21.4843135731126
"374","LS_Dup_W4",3.55624575220325e-09,"dupi","LEANR+ORA",19.4545604125142
"375","LS_v_NL_DP_W0",0.000189593085278171,"dupi","LEANR+ORA",8.57063043886024
"376","LS_pre_post_DPL",3.64720667722348e-35,"dupi","LEANR+ORA",79.2965166740954
"377","serum_AD_m3_v_m0_DP",9.99885804698872e-27,"dupi","LEANR+ORA",59.8673266196671
"378","LS_v_NL_BSL",6.44504443742664e-25,"dupi","LEANR+ORA",55.7013157936154
"379","LS_Dup_W16",1.3532338221669e-10,"dupi","LEANR+ORA",22.723353778117
"380","LS_v_NL_post_DP",6.53753675132065e-10,"dupi","LEANR+ORA",21.1482904789483
"381","LS_Dup_W4",4.28012309362617e-08,"dupi","LEANR+ORA",16.9666989745792
"382","LS_pre_post_DPL",8.73446226931429e-37,"dupi","LEANR+ORA",83.0283720595563
"383","LS_v_NL_BSL",1.05344314517845e-26,"dupi","LEANR+ORA",59.8151484325966
"384","serum_AD_m3_v_m0_DP",6.19144960163529e-22,"dupi","LEANR+ORA",48.8337028021572
"385","LS_v_NL_post_DP",4.57353819776453e-10,"dupi","LEANR+ORA",21.5055638018846
"386","LS_Dup_W16",1.36676078725775e-09,"dupi","LEANR+ORA",20.4108222855504
"387","serum_AD_m3_v_m0_DP",3.38420709278252e-09,"dupi","LEANR+ORA",19.5041461994442
"388","LS_v_NL_BSL",0.00297122666022751,"dupi","LEANR+ORA",5.81878039452392
"389","LS_pre_post_DPL",0.00297122666022751,"dupi","LEANR+ORA",5.81878039452392
"390","LS_pre_post_DPL",2.70143265128354e-16,"dupi","LEANR+ORA",35.8475792440325
"391","LS_v_NL_BSL",2.37252256604317e-11,"dupi","LEANR+ORA",24.4644822599738
"392","LS_v_NL_post_DP",0.00100404835169695,"dupi","LEANR+ORA",6.9037150998115
"393","LS_pre_post_DPL",3.62076892901833e-26,"dupi","LEANR+ORA",58.5805260032326
"394","LS_v_NL_BSL",1.62240253219943e-16,"dupi","LEANR+ORA",36.3574533927174
"395","serum_AD_m3_v_m0_DP",4.57528544586723e-11,"dupi","LEANR+ORA",23.8077669336141
"396","LS_v_NL_post_DP",3.79202681573436e-06,"dupi","LEANR+ORA",12.4826099019366
"397","LS_pre_post_DPL",2.45412171488177e-16,"dupi","LEANR+ORA",35.9435925442797
"398","LS_v_NL_BSL",8.18248251792799e-11,"dupi","LEANR+ORA",23.2264404320632
"399","LS_v_NL_post_DP",0.000193877295724344,"dupi","LEANR+ORA",8.54828509527736
"400","LS_pre_post_DPL",1.26916816593935e-38,"dupi","LEANR+ORA",87.2598718353506
"401","LS_v_NL_BSL",4.01577266703881e-24,"dupi","LEANR+ORA",53.8718124578829
"402","serum_AD_m3_v_m0_DP",1.22984229066098e-22,"dupi","LEANR+ORA",50.4499861036803
"403","LS_v_NL_post_DP",5.04983261957008e-11,"dupi","LEANR+ORA",23.7090809248361
"404","LS_Dup_W16",5.71816592618895e-09,"dupi","LEANR+ORA",18.9796177252461
"405","LS_pre_post_DPL",1.36283435809712e-37,"dupi","LEANR+ORA",84.8860818228919
"406","LS_v_NL_BSL",4.37104491881379e-28,"dupi","LEANR+ORA",62.9973805114518
"407","serum_AD_m3_v_m0_DP",7.71753889255743e-18,"dupi","LEANR+ORA",39.4030361569833
"408","LS_v_NL_post_DP",2.71867290395312e-10,"dupi","LEANR+ORA",22.0257070716543
"409","LS_Dup_W16",5.23342510139131e-08,"dupi","LEANR+ORA",16.7656147851223
"410","LS_pre_post_DPL",9.95880246324856e-46,"dupi","LEANR+ORA",103.620457447972
"411","LS_v_NL_BSL",3.44687588023426e-33,"dupi","LEANR+ORA",74.7478397899721
"412","serum_AD_m3_v_m0_DP",1.75424239357818e-31,"dupi","LEANR+ORA",70.818100803671
"413","LS_v_NL_post_DP",3.91018700019847e-12,"dupi","LEANR+ORA",26.2674359169372
"414","LS_Dup_W16",1.50500551463957e-11,"dupi","LEANR+ORA",24.919639460528
"415","LS_Dup_W4",4.36422560365978e-10,"dupi","LEANR+ORA",21.5524101667752
"416","LS_pre_post_DPL",9.60743268522793e-06,"dupi","LEANR+ORA",11.5529735210136
"417","LS_v_NL_BSL",0.000983229099352102,"dupi","LEANR+ORA",6.92466840357586
"418","LS_pre_post_DPL",1.75213667717265e-34,"dupi","LEANR+ORA",77.7270571602413
"419","serum_AD_m3_v_m0_DP",9.32688336312768e-29,"dupi","LEANR+ORA",64.5420667824543
"420","LS_v_NL_BSL",6.24833685509878e-18,"dupi","LEANR+ORA",39.6142163487404
"421","LS_Dup_W16",2.03469129426642e-05,"dupi","LEANR+ORA",10.8025813557322
"422","LS_v_NL_post_DP",2.04429635529629e-05,"dupi","LEANR+ORA",10.7978718152245
"423","LS_Dup_W4",4.16183927915099e-05,"dupi","LEANR+ORA",10.0869683539984
"424","LS_v_NL_DP_W0",0.0446515951177481,"dupi","LEANR+ORA",3.10886524737618
"425","LS_pre_post_DPL",3.74172623229046e-20,"dupi","LEANR+ORA",44.7321547955043
"426","serum_AD_m3_v_m0_DP",2.28144940949165e-13,"dupi","LEANR+ORA",29.1087952620143
"427","LS_v_NL_BSL",5.45498834528533e-11,"dupi","LEANR+ORA",23.6319055401714
"428","LS_v_NL_post_DP",1.72770619760028e-05,"dupi","LEANR+ORA",10.9661308335811
"429","LS_pre_post_DPL",2.60891225944777e-25,"dupi","LEANR+ORA",56.6056939492169
"430","LS_v_NL_BSL",1.47939665256561e-15,"dupi","LEANR+ORA",34.1471420574389
"431","serum_AD_m3_v_m0_DP",6.31224980621688e-15,"dupi","LEANR+ORA",32.6962842357534
"432","LS_Dup_W16",5.99594489457422e-07,"dupi","LEANR+ORA",14.3270122611247
"433","LS_v_NL_post_DP",7.0463832551759e-06,"dupi","LEANR+ORA",11.8629960862267
"434","LS_pre_post_DPL",1.26997743984735e-17,"dupi","LEANR+ORA",38.9049474444858
"435","serum_AD_m3_v_m0_DP",6.12831107908115e-15,"dupi","LEANR+ORA",32.7258572002032
"436","LS_v_NL_BSL",9.41874241967485e-13,"dupi","LEANR+ORA",27.6909046303425
"437","LS_Dup_W16",3.34923690810577e-05,"dupi","LEANR+ORA",10.3041929337062
"438","LS_v_NL_post_DP",0.000707224928451052,"dupi","LEANR+ORA",7.25416179775551
"439","LS_pre_post_DPL",3.32309031317706e-39,"dupi","LEANR+ORA",88.5999234595591
"440","serum_AD_m3_v_m0_DP",1.36290909714767e-25,"dupi","LEANR+ORA",57.255005867576
"441","LS_v_NL_BSL",1.59607322198655e-25,"dupi","LEANR+ORA",57.0970809484382
"442","LS_Dup_W16",1.5834709438196e-10,"dupi","LEANR+ORA",22.5662316924526
"443","LS_Dup_W4",6.46888805082059e-10,"dupi","LEANR+ORA",21.1588466985129
"444","LS_v_NL_post_DP",9.95839370647702e-09,"dupi","LEANR+ORA",18.4248500528061
"445","LS_v_NL_DP_W0",1.23402091471611e-05,"dupi","LEANR+ORA",11.3026475909142
"446","LS_pre_post_DPL",2.21636543045649e-21,"dupi","LEANR+ORA",47.5584182921447
"447","serum_AD_m3_v_m0_DP",4.10277035503329e-21,"dupi","LEANR+ORA",46.9426245109951
"448","LS_v_NL_BSL",8.11079324948688e-19,"dupi","LEANR+ORA",41.655921092262
"449","LS_Dup_W16",3.99852263529693e-10,"dupi","LEANR+ORA",21.6399259782196
"450","LS_Dup_W4",9.78967067056923e-10,"dupi","LEANR+ORA",20.7445231133337
"451","LS_v_NL_post_DP",7.1674562378089e-08,"dupi","LEANR+ORA",16.4511299308379
"452","LS_pre_post_DPL",7.75603197027858e-42,"dupi","LEANR+ORA",94.660103046372
"453","LS_v_NL_BSL",2.76944323783126e-31,"dupi","LEANR+ORA",70.3614915799916
"454","serum_AD_m3_v_m0_DP",2.14164722603919e-22,"dupi","LEANR+ORA",49.8952967811328
"455","LS_v_NL_post_DP",6.8841883021251e-10,"dupi","LEANR+ORA",21.0966236983736
"456","LS_Dup_W16",6.8841883021251e-10,"dupi","LEANR+ORA",21.0966236983736
"457","LS_pre_post_DPL",4.54611056679955e-30,"dupi","LEANR+ORA",67.5632807429095
"458","LS_v_NL_BSL",4.85623770791973e-22,"dupi","LEANR+ORA",49.0766080419261
"459","serum_AD_m3_v_m0_DP",1.88202367342363e-17,"dupi","LEANR+ORA",38.5115989609499
"460","LS_v_NL_post_DP",5.20379280176313e-09,"dupi","LEANR+ORA",19.0738780922765
"461","LS_Dup_W16",1.13109941064771e-07,"dupi","LEANR+ORA",15.9949055614467
"462","LS_pre_post_DPL",9.98743001482732e-47,"dupi","LEANR+ORA",105.920172066929
"463","LS_v_NL_BSL",2.9126095984144e-33,"dupi","LEANR+ORA",74.9162586202628
"464","serum_AD_m3_v_m0_DP",7.81274666196915e-23,"dupi","LEANR+ORA",50.9037005515669
"465","LS_v_NL_post_DP",1.44450649458995e-14,"dupi","LEANR+ORA",31.8684235649209
"466","LS_Dup_W16",3.66451614841349e-10,"dupi","LEANR+ORA",21.7271546228497
"467","LS_Dup_W4",3.72077751612482e-09,"dupi","LEANR+ORA",19.4093331807899
"468","LS_pre_post_DPL",1.56177354663963e-11,"dupi","LEANR+ORA",24.8826139585702
"469","LS_pre_post_DPL",9.84559889116443e-09,"dupi","LEANR+ORA",18.4362412946929
"470","serum_AD_m3_v_m0_DP",6.14192204782032e-07,"dupi","LEANR+ORA",14.3029579206809
"471","LS_v_NL_BSL",2.95105253548291e-06,"dupi","LEANR+ORA",12.7333486595584
"472","LS_v_NL_post_DP",0.00053373906191249,"dupi","LEANR+ORA",7.53560348653542
"473","LS_Dup_W16",0.00309492807509132,"dupi","LEANR+ORA",5.77799061218142
"474","serum_AD_eosinophil_high_pre_v_post_DP",8.67806938981739e-13,"eso_high_dupi","LEANR+ORA",27.7728071255174
"475","serum_AD_m3_v_m0_DP",2.3789969498089e-06,"eso_high_dupi","LEANR+ORA",12.9488316087759
"476","LS_pre_post_DPL",1.72244832670958e-05,"eso_high_dupi","LEANR+ORA",10.969178740522
"477","LS_v_NL_BSL",0.0263308431639954,"eso_high_dupi","LEANR+ORA",3.6370142830472
"478","LS_Dup_W16",0.0263308431639954,"eso_high_dupi","LEANR+ORA",3.6370142830472
"479","LS_pre_post_DPL",5.37922288786661e-37,"eso_high_dupi","LEANR+ORA",83.5131045216736
"480","serum_AD_eosinophil_high_pre_v_post_DP",1.57373900283249e-26,"eso_high_dupi","LEANR+ORA",59.4137580993677
"481","LS_v_NL_BSL",4.6442232250611e-24,"eso_high_dupi","LEANR+ORA",53.7264181017647
"482","serum_AD_m3_v_m0_DP",3.04988679261092e-22,"eso_high_dupi","LEANR+ORA",49.5417675731153
"483","LS_Dup_W16",6.95132010415766e-11,"eso_high_dupi","LEANR+ORA",23.3895044383504
"484","LS_v_NL_post_DP",1.68083569133703e-09,"eso_high_dupi","LEANR+ORA",20.2039747318915
"485","LS_Dup_W4",1.88229336344232e-09,"eso_high_dupi","LEANR+ORA",20.0907749293751
"486","serum_AD_eosinophil_high_pre_v_post_DP",3.50969344312545e-12,"eso_high_dupi","LEANR+ORA",26.3754924204059
"487","LS_pre_post_DPL",1.51463703521609e-08,"eso_high_dupi","LEANR+ORA",18.0055049144105
"488","LS_v_NL_BSL",5.69417969679839e-06,"eso_high_dupi","LEANR+ORA",12.0760660106323
"489","LS_v_NL_post_DP",0.0145802065824562,"eso_high_dupi","LEANR+ORA",4.22809038360926
"490","LS_pre_post_DPL",1.76119412610206e-22,"eso_high_dupi","LEANR+ORA",50.0908799861431
"491","LS_v_NL_BSL",2.71992693566967e-14,"eso_high_dupi","LEANR+ORA",31.2355862838557
"492","serum_AD_eosinophil_high_pre_v_post_DP",2.08343945746603e-11,"eso_high_dupi","LEANR+ORA",24.594415909568
"493","serum_AD_m3_v_m0_DP",5.09094778263242e-09,"eso_high_dupi","LEANR+ORA",19.0958018188786
"494","LS_v_NL_post_DP",2.13529162826275e-08,"eso_high_dupi","LEANR+ORA",17.6620775125658
"495","LS_pre_post_DPL",2.94664320801692e-49,"eso_high_dupi","LEANR+ORA",111.746002929839
"496","LS_v_NL_BSL",3.48761497637073e-30,"eso_high_dupi","LEANR+ORA",67.8283346750823
"497","serum_AD_eosinophil_high_pre_v_post_DP",1.0091048966495e-29,"eso_high_dupi","LEANR+ORA",66.7659039998589
"498","serum_AD_m3_v_m0_DP",6.14713298460566e-27,"eso_high_dupi","LEANR+ORA",60.353811719082
"499","LS_v_NL_post_DP",1.12642056744995e-14,"eso_high_dupi","LEANR+ORA",32.1171463362068
"500","LS_Dup_W16",3.25446403979046e-12,"eso_high_dupi","LEANR+ORA",26.45099351134
"501","LS_Dup_W4",2.24022170789687e-09,"eso_high_dupi","LEANR+ORA",19.9166909992377
"502","LS_pre_post_DPL",2.3213811885098e-47,"eso_high_dupi","LEANR+ORA",107.379337022311
"503","LS_v_NL_BSL",3.0858864158414e-32,"eso_high_dupi","LEANR+ORA",72.5558840288189
"504","serum_AD_eosinophil_high_pre_v_post_DP",7.79618939738237e-31,"eso_high_dupi","LEANR+ORA",69.326502807291
"505","serum_AD_m3_v_m0_DP",9.36681275740183e-28,"eso_high_dupi","LEANR+ORA",62.2352097194077
"506","LS_v_NL_post_DP",9.59521811676846e-13,"eso_high_dupi","LEANR+ORA",27.6723413473848
"507","LS_Dup_W16",1.0265356458049e-11,"eso_high_dupi","LEANR+ORA",25.3022463404835
"508","LS_Dup_W4",1.9532877087304e-10,"eso_high_dupi","LEANR+ORA",22.3563369725977
"509","serum_AD_eosinophil_high_pre_v_post_DP",1.75406892325034e-09,"eso_high_dupi","LEANR+ORA",20.1613276488709
"510","serum_AD_m3_v_m0_DP",4.25044835562575e-07,"eso_high_dupi","LEANR+ORA",14.6710711781449
"511","LS_v_NL_BSL",0.010616907590028,"eso_high_dupi","LEANR+ORA",4.54530749295128
"512","LS_pre_post_DPL",4.19782426104853e-33,"eso_high_dupi","LEANR+ORA",74.5507417108234
"513","serum_AD_eosinophil_high_pre_v_post_DP",1.45983602567823e-31,"eso_high_dupi","LEANR+ORA",71.0018137645818
"514","serum_AD_m3_v_m0_DP",8.20320366759624e-22,"eso_high_dupi","LEANR+ORA",48.5523472767284
"515","LS_v_NL_BSL",3.00418730407752e-17,"eso_high_dupi","LEANR+ORA",38.0439394973836
"516","LS_v_NL_post_DP",5.49150535041515e-09,"eso_high_dupi","LEANR+ORA",19.0200634203921
"517","LS_Dup_W16",4.35472985868161e-07,"eso_high_dupi","LEANR+ORA",14.6468330727313
"518","LS_Dup_W4",1.87175396941853e-05,"eso_high_dupi","LEANR+ORA",10.8860495221447
"519","LS_v_NL_DP_W0",0.00203862861838468,"eso_high_dupi","LEANR+ORA",6.19547794307446
"520","LS_v_NL_BSL",0.0277395008993831,"eso_high_dupi","LEANR+ORA",3.58489785634876
"521","LS_pre_post_DPL",1.07790415547531e-30,"eso_high_dupi","LEANR+ORA",69.0025342308649
"522","serum_AD_eosinophil_high_pre_v_post_DP",1.07790415547531e-30,"eso_high_dupi","LEANR+ORA",69.0025342308649
"523","serum_AD_m3_v_m0_DP",2.04792520089293e-23,"eso_high_dupi","LEANR+ORA",52.2426299553543
"524","LS_v_NL_BSL",2.01617538636519e-19,"eso_high_dupi","LEANR+ORA",43.0479144232568
"525","LS_v_NL_post_DP",6.7454740741644e-13,"eso_high_dupi","LEANR+ORA",28.0247344364601
"526","LS_Dup_W16",6.79739264408355e-10,"eso_high_dupi","LEANR+ORA",21.1093118259819
"527","LS_pre_post_DPL",2.14978456257016e-31,"eso_high_dupi","LEANR+ORA",70.6147702491523
"528","LS_v_NL_BSL",6.01470778279697e-22,"eso_high_dupi","LEANR+ORA",48.8626642790361
"529","serum_AD_eosinophil_high_pre_v_post_DP",8.76510908498975e-18,"eso_high_dupi","LEANR+ORA",39.2757527100763
"530","serum_AD_m3_v_m0_DP",6.06258743562156e-17,"eso_high_dupi","LEANR+ORA",37.3418099023686
"531","LS_v_NL_post_DP",6.15524364417241e-09,"eso_high_dupi","LEANR+ORA",18.9059614933376
"532","LS_Dup_W16",1.3079040024985e-07,"eso_high_dupi","LEANR+ORA",15.8496697932019
"533","LS_pre_post_DPL",3.02136990762143e-39,"eso_high_dupi","LEANR+ORA",88.6951082864366
"534","serum_AD_eosinophil_high_pre_v_post_DP",4.60040471713637e-34,"eso_high_dupi","LEANR+ORA",76.7617488801865
"535","serum_AD_m3_v_m0_DP",2.72623539463205e-31,"eso_high_dupi","LEANR+ORA",70.3772162016066
"536","LS_v_NL_BSL",2.34085714261782e-28,"eso_high_dupi","LEANR+ORA",63.6218654412712
"537","LS_v_NL_post_DP",1.81506253281812e-11,"eso_high_dupi","LEANR+ORA",24.7323161024679
"538","LS_Dup_W16",3.1918612626421e-11,"eso_high_dupi","LEANR+ORA",24.1678318083761
"539","LS_Dup_W4",6.60019762731466e-08,"eso_high_dupi","LEANR+ORA",16.5335811518358
"540","LS_pre_post_DPL",1.0027128131313e-47,"eso_high_dupi","LEANR+ORA",108.218790230625
"541","serum_AD_eosinophil_high_pre_v_post_DP",4.98642274074535e-29,"eso_high_dupi","LEANR+ORA",65.1682489297715
"542","LS_v_NL_BSL",4.98642274074535e-29,"eso_high_dupi","LEANR+ORA",65.1682489297715
"543","serum_AD_m3_v_m0_DP",2.37832097286895e-27,"eso_high_dupi","LEANR+ORA",61.3034027457039
"544","LS_Dup_W16",1.863822381248e-14,"eso_high_dupi","LEANR+ORA",31.6135618792236
"545","LS_v_NL_post_DP",2.47702599243492e-13,"eso_high_dupi","LEANR+ORA",29.0265475649561
"546","LS_Dup_W4",5.02061170640442e-11,"eso_high_dupi","LEANR+ORA",23.714884242789
"547","LS_v_NL_DP_W0",1.20388286134843e-06,"eso_high_dupi","LEANR+ORA",13.6299585070496
"548","serum_AD_eosinophil_high_pre_v_post_DP",4.11741779580005e-14,"eso_high_dupi","LEANR+ORA",30.8209650836364
"549","LS_pre_post_DPL",4.11741779580005e-14,"eso_high_dupi","LEANR+ORA",30.8209650836364
"550","LS_v_NL_BSL",1.25777176032738e-08,"eso_high_dupi","LEANR+ORA",18.191339032717
"551","serum_AD_m3_v_m0_DP",1.38235432834598e-07,"eso_high_dupi","LEANR+ORA",15.7943075703806
"552","LS_Dup_W16",5.09932825400579e-05,"eso_high_dupi","LEANR+ORA",9.88381664881594
"553","LS_v_NL_post_DP",5.24803940045491e-05,"eso_high_dupi","LEANR+ORA",9.85507090564799
"554","serum_AD_eosinophil_high_pre_v_post_DP",7.27058331093314e-13,"eso_high_dupi","LEANR+ORA",27.9497696852543
"555","serum_AD_m3_v_m0_DP",1.76273532283242e-09,"eso_high_dupi","LEANR+ORA",20.156399073654
"556","LS_pre_post_DPL",4.58530912224274e-09,"eso_high_dupi","LEANR+ORA",19.2004083131742
"557","LS_v_NL_BSL",1.57635977174904e-07,"eso_high_dupi","LEANR+ORA",15.6629774040083
"558","LS_Dup_W16",0.00391365934717642,"eso_high_dupi","LEANR+ORA",5.54328244824246
"559","LS_v_NL_post_DP",0.0113412224997926,"eso_high_dupi","LEANR+ORA",4.47931118227848
"560","LS_pre_post_DPL",6.82010349861326e-38,"eso_high_dupi","LEANR+ORA",85.5783588862838
"561","LS_v_NL_BSL",9.1136933651505e-25,"eso_high_dupi","LEANR+ORA",55.3548492769522
"562","serum_AD_eosinophil_high_pre_v_post_DP",1.0247114950642e-21,"eso_high_dupi","LEANR+ORA",48.3298758481343
"563","serum_AD_m3_v_m0_DP",1.21057919541141e-18,"eso_high_dupi","LEANR+ORA",41.2554327549182
"564","LS_Dup_W4",5.82894896419518e-11,"eso_high_dupi","LEANR+ORA",23.5655993194086
"565","LS_v_NL_post_DP",2.98464010243988e-10,"eso_high_dupi","LEANR+ORA",21.9323717590617
"566","LS_Dup_W16",8.78524574602523e-09,"eso_high_dupi","LEANR+ORA",18.550192142332
"567","serum_AD_eosinophil_high_pre_v_post_DP",2.71435341809723e-09,"eso_high_dupi","LEANR+ORA",19.7247120636369
"568","serum_AD_m3_v_m0_DP",1.63585227469789e-06,"eso_high_dupi","LEANR+ORA",13.3233466205001
"569","LS_pre_post_DPL",1.66735006590491e-35,"eso_high_dupi","LEANR+ORA",80.0792426755259
"570","LS_v_NL_BSL",4.47672547780891e-25,"eso_high_dupi","LEANR+ORA",56.0657354658085
"571","serum_AD_m3_v_m0_DP",2.40333196096181e-23,"eso_high_dupi","LEANR+ORA",52.0826010472628
"572","serum_AD_eosinophil_high_pre_v_post_DP",6.30852854405795e-23,"eso_high_dupi","LEANR+ORA",51.1175546837895
"573","LS_Dup_W16",1.09364129934923e-09,"eso_high_dupi","LEANR+ORA",20.6337530666477
"574","LS_v_NL_post_DP",7.99050449255961e-09,"eso_high_dupi","LEANR+ORA",18.6450119386659
"575","serum_AD_eosinophil_high_pre_v_post_DP",4.5866638635214e-39,"eso_high_dupi","LEANR+ORA",88.2776656940817
"576","LS_pre_post_DPL",4.46666683589739e-37,"eso_high_dupi","LEANR+ORA",83.6990059846035
"577","serum_AD_m3_v_m0_DP",2.97516079254983e-31,"eso_high_dupi","LEANR+ORA",70.2898397973624
"578","LS_v_NL_BSL",5.39156434888977e-24,"eso_high_dupi","LEANR+ORA",53.5772066573403
"579","LS_Dup_W16",1.98642838659851e-10,"eso_high_dupi","LEANR+ORA",22.3395126843563
"580","LS_v_NL_post_DP",9.5921202472527e-08,"eso_high_dupi","LEANR+ORA",16.1597387901034
"581","LS_Dup_W4",1.09280469173924e-07,"eso_high_dupi","LEANR+ORA",16.0293481478139
"582","LS_v_NL_DP_W0",0.000590469001384927,"eso_high_dupi","LEANR+ORA",7.4345934192426
"583","LS_pre_post_DPL",4.55430800493626e-11,"eso_high_dupi","LEANR+ORA",23.8123624236458
"584","LS_v_NL_post_DP",7.15009308364522e-06,"eso_high_dupi","LEANR+ORA",11.8483851826515
"585","LS_pre_post_DPL",1.29788059786724e-11,"eso_high_dupi","LEANR+ORA",25.0677033982003
"586","LS_v_NL_BSL",2.5766219110636e-06,"eso_high_dupi","LEANR+ORA",12.8690313537582
"587","LS_pre_post_DPL",2.33680324033655e-19,"eso_high_dupi","LEANR+ORA",42.9003329081409
"588","LS_v_NL_BSL",3.03825677871417e-11,"eso_high_dupi","LEANR+ORA",24.2171521000437
"589","serum_AD_eosinophil_high_pre_v_post_DP",2.334260079763e-10,"eso_high_dupi","LEANR+ORA",22.1781559713659
"590","LS_v_NL_post_DP",3.19737938521076e-08,"eso_high_dupi","LEANR+ORA",17.2583492117846
"591","LS_pre_post_DPL",3.30454115399216e-43,"eso_high_dupi","LEANR+ORA",97.815861368969
"592","serum_AD_eosinophil_high_pre_v_post_DP",1.16442801986206e-36,"eso_high_dupi","LEANR+ORA",82.7408333514087
"593","serum_AD_m3_v_m0_DP",2.48581242585179e-30,"eso_high_dupi","LEANR+ORA",68.1669532517711
"594","LS_v_NL_BSL",1.60089490741931e-24,"eso_high_dupi","LEANR+ORA",54.7914794418338
"595","LS_v_NL_post_DP",2.93098634851225e-15,"eso_high_dupi","LEANR+ORA",33.463437390814
"596","LS_Dup_W16",1.62567578474765e-12,"eso_high_dupi","LEANR+ORA",27.1450975190588
"597","LS_Dup_W4",8.5888200886044e-09,"eso_high_dupi","LEANR+ORA",18.5728044691037
"598","LS_v_NL_DP_W0",8.04937045104849e-06,"eso_high_dupi","LEANR+ORA",11.7299166744307
"599","LS_pre_post_DPL",2.16448649868857e-44,"eso_high_dupi","LEANR+ORA",100.54156094147
"600","serum_AD_eosinophil_high_pre_v_post_DP",1.56671378522587e-33,"eso_high_dupi","LEANR+ORA",75.5363277735318
"601","serum_AD_m3_v_m0_DP",7.46607754771916e-27,"eso_high_dupi","LEANR+ORA",60.1594277436181
"602","LS_v_NL_BSL",1.18543058228464e-24,"eso_high_dupi","LEANR+ORA",55.0919361626917
"603","LS_v_NL_post_DP",3.99160832872778e-14,"eso_high_dupi","LEANR+ORA",30.8519970623271
"604","LS_Dup_W16",4.49476478586771e-11,"eso_high_dupi","LEANR+ORA",23.8255226843294
"605","LS_Dup_W4",2.5829208129555e-07,"eso_high_dupi","LEANR+ORA",15.1691747943198
"606","LS_v_NL_DP_W0",0.000836888959381734,"eso_high_dupi","LEANR+ORA",7.08581916129143
"607","LS_pre_post_DPL",0.0492549035200569,"eso_high_dupi","LEANR+ORA",3.01074635246117
"608","LS_pre_post_DPL",3.42774972574614e-32,"eso_high_dupi","LEANR+ORA",72.4508189865647
"609","serum_AD_eosinophil_high_pre_v_post_DP",5.89483040782878e-24,"eso_high_dupi","LEANR+ORA",53.4879664670977
"610","serum_AD_m3_v_m0_DP",8.91093067359275e-20,"eso_high_dupi","LEANR+ORA",43.864423171149
"611","LS_v_NL_BSL",2.12288165940752e-17,"eso_high_dupi","LEANR+ORA",38.3911721418851
"612","LS_v_NL_post_DP",1.28635283873489e-10,"eso_high_dupi","LEANR+ORA",22.7740399726011
"613","LS_Dup_W16",1.75810432949342e-08,"eso_high_dupi","LEANR+ORA",17.8564446008909
"614","LS_pre_post_DPL",5.578491443514e-44,"eso_high_dupi","LEANR+ORA",99.5948257025208
"615","serum_AD_eosinophil_high_pre_v_post_DP",1.05550787770585e-30,"eso_high_dupi","LEANR+ORA",69.0235307380604
"616","LS_v_NL_BSL",1.06026971211948e-30,"eso_high_dupi","LEANR+ORA",69.0190294686674
"617","serum_AD_m3_v_m0_DP",2.94344022871765e-27,"eso_high_dupi","LEANR+ORA",61.0902184677533
"618","LS_Dup_W16",1.94467599273448e-13,"eso_high_dupi","LEANR+ORA",29.2685108304413
"619","LS_v_NL_post_DP",7.24433030278949e-13,"eso_high_dupi","LEANR+ORA",27.9533870732002
"620","LS_Dup_W4",7.24433030278949e-13,"eso_high_dupi","LEANR+ORA",27.9533870732002
"621","LS_pre_post_DPL",6.08906320988918e-23,"eso_high_dupi","LEANR+ORA",51.1529628932938
"622","serum_AD_eosinophil_high_pre_v_post_DP",4.12308856543777e-14,"eso_high_dupi","LEANR+ORA",30.8195887675985
"623","LS_v_NL_BSL",2.0104534718395e-13,"eso_high_dupi","LEANR+ORA",29.2352459044169
"624","serum_AD_m3_v_m0_DP",8.69278833683791e-13,"eso_high_dupi","LEANR+ORA",27.7711124538121
"625","LS_v_NL_post_DP",6.24015433272097e-07,"eso_high_dupi","LEANR+ORA",14.287090736075
"626","LS_Dup_W16",6.81551497378617e-07,"eso_high_dupi","LEANR+ORA",14.1988940239125
"627","LS_pre_post_DPL",3.72857109540039e-30,"eso_high_dupi","LEANR+ORA",67.7615277139043
"628","serum_AD_eosinophil_high_pre_v_post_DP",2.91360072850011e-27,"eso_high_dupi","LEANR+ORA",61.1004078308137
"629","serum_AD_m3_v_m0_DP",1.79110635830928e-19,"eso_high_dupi","LEANR+ORA",43.1662832606975
"630","LS_v_NL_BSL",2.15075716648756e-15,"eso_high_dupi","LEANR+ORA",33.7729564443092
"631","LS_v_NL_post_DP",1.07472862124209e-07,"eso_high_dupi","LEANR+ORA",16.0460274666046
"632","LS_Dup_W16",2.2005773970529e-05,"eso_high_dupi","LEANR+ORA",10.7242056858349
"633","LS_pre_post_DPL",6.31203160655624e-43,"eso_high_dupi","LEANR+ORA",97.1687014078371
"634","LS_v_NL_BSL",2.46361919799646e-31,"eso_high_dupi","LEANR+ORA",70.4785063953553
"635","serum_AD_eosinophil_high_pre_v_post_DP",1.17876485336333e-30,"eso_high_dupi","LEANR+ORA",68.9130856339907
"636","serum_AD_m3_v_m0_DP",5.82565680494666e-28,"eso_high_dupi","LEANR+ORA",62.710110854524
"637","LS_Dup_W16",6.04420394952512e-14,"eso_high_dupi","LEANR+ORA",30.4370915139449
"638","LS_v_NL_post_DP",1.47095390922839e-13,"eso_high_dupi","LEANR+ORA",29.5476951007456
"639","LS_Dup_W4",1.0103528278147e-09,"eso_high_dupi","LEANR+ORA",20.7129662326263
"640","serum_AD_eosinophil_high_pre_v_post_DP",4.52943243371362e-10,"eso_high_dupi","LEANR+ORA",21.515254288866
"641","serum_AD_m3_v_m0_DP",3.8866498345494e-09,"eso_high_dupi","LEANR+ORA",19.365718275435
"642","LS_v_NL_BSL",6.09003727689631e-06,"eso_high_dupi","LEANR+ORA",12.0088563552602
"643","LS_pre_post_DPL",0.000116085673188229,"eso_high_dupi","LEANR+ORA",9.06118207749309
"644","LS_pre_post_DPL",6.80344084427727e-31,"eso_high_dupi","LEANR+ORA",69.4627093921001
"645","serum_AD_eosinophil_high_pre_v_post_DP",4.02156617967061e-26,"eso_high_dupi","LEANR+ORA",58.4755409941544
"646","serum_AD_m3_v_m0_DP",4.19622125445711e-21,"eso_high_dupi","LEANR+ORA",46.9201025338795
"647","LS_v_NL_BSL",1.2696423901644e-17,"eso_high_dupi","LEANR+ORA",38.9052113026278
"648","LS_v_NL_post_DP",5.06092931107719e-11,"eso_high_dupi","LEANR+ORA",23.7068858981826
"649","LS_Dup_W16",3.45829113407238e-09,"eso_high_dupi","LEANR+ORA",19.4824912617681
"650","LS_pre_post_DPL",6.34477522366525e-51,"eso_high_dupi","LEANR+ORA",115.5842080679
"651","serum_AD_eosinophil_high_pre_v_post_DP",4.59681508799299e-35,"eso_high_dupi","LEANR+ORA",79.0651145632723
"652","LS_v_NL_BSL",4.16706078847077e-32,"eso_high_dupi","LEANR+ORA",72.2555120354096
"653","serum_AD_m3_v_m0_DP",4.16706078847077e-32,"eso_high_dupi","LEANR+ORA",72.2555120354096
"654","LS_v_NL_post_DP",1.74218815268545e-15,"eso_high_dupi","LEANR+ORA",33.9836345127347
"655","LS_Dup_W16",1.44824960448565e-14,"eso_high_dupi","LEANR+ORA",31.8658356440202
"656","LS_Dup_W4",4.89577212757972e-10,"eso_high_dupi","LEANR+ORA",21.4374789283831
"657","LS_v_NL_DP_W0",1.31355772458007e-07,"eso_high_dupi","LEANR+ORA",15.8453563746316
"658","serum_AD_eosinophil_high_pre_v_post_DP",2.44337515327779e-11,"eso_high_dupi","LEANR+ORA",24.4350556799115
"659","LS_pre_post_DPL",1.06051760023681e-08,"eso_high_dupi","LEANR+ORA",18.3619236528989
"660","serum_AD_m3_v_m0_DP",1.30504063119875e-05,"eso_high_dupi","LEANR+ORA",11.2466912896621
"661","LS_v_NL_BSL",2.597032677583e-05,"eso_high_dupi","LEANR+ORA",10.558555949549
"662","LS_Dup_W16",0.000952780923045361,"eso_high_dupi","LEANR+ORA",6.95612556211632
"663","LS_v_NL_post_DP",0.00482332683188411,"eso_high_dupi","LEANR+ORA",5.33429137492398
"664","LS_pre_post_DPL",7.29018452047741e-09,"eso_high_dupi","LEANR+ORA",18.7367369797952
"665","LS_v_NL_BSL",1.63919912337051e-07,"eso_high_dupi","LEANR+ORA",15.623887867807
"666","LS_v_NL_post_DP",0.00658709943086386,"eso_high_dupi","LEANR+ORA",5.0226421744225
"667","LS_pre_post_DPL",1.50824413763765e-42,"eso_high_dupi","LEANR+ORA",96.2976277542826
"668","serum_AD_eosinophil_high_pre_v_post_DP",3.6218901897471e-36,"eso_high_dupi","LEANR+ORA",81.606067306358
"669","serum_AD_m3_v_m0_DP",5.46508723878442e-32,"eso_high_dupi","LEANR+ORA",71.9843428911273
"670","LS_v_NL_BSL",1.12828877996593e-26,"eso_high_dupi","LEANR+ORA",59.7465102869263
"671","LS_v_NL_post_DP",7.13146592804384e-12,"eso_high_dupi","LEANR+ORA",25.666504302629
"672","LS_Dup_W16",9.37410658403401e-12,"eso_high_dupi","LEANR+ORA",25.3930698463162
"673","LS_Dup_W4",8.47158922917954e-10,"eso_high_dupi","LEANR+ORA",20.8891328085133
"674","serum_AD_eosinophil_high_pre_v_post_DP",1.06224738331509e-10,"eso_high_dupi","LEANR+ORA",22.9654640932726
"675","LS_pre_post_DPL",1.06224738331509e-10,"eso_high_dupi","LEANR+ORA",22.9654640932726
"676","serum_AD_m3_v_m0_DP",3.81865130702179e-07,"eso_high_dupi","LEANR+ORA",14.7781983516696
"677","LS_v_NL_BSL",3.21710337637839e-05,"eso_high_dupi","LEANR+ORA",10.3444440828254
"678","LS_v_NL_post_DP",9.87882786770828e-05,"eso_high_dupi","LEANR+ORA",9.22253159711999
"679","LS_Dup_W16",0.000151909592182949,"eso_high_dupi","LEANR+ORA",8.79222500234479
"680","LS_v_NL_BSL",5.4545671951062e-05,"eso_high_dupi","LEANR+ORA",9.81647218978497
"681","LS_pre_post_DPL",3.02226416456274e-43,"eso_high_dupi","LEANR+ORA",97.9051527248942
"682","serum_AD_eosinophil_high_pre_v_post_DP",1.38812215004008e-34,"eso_high_dupi","LEANR+ORA",77.9599412992334
"683","serum_AD_m3_v_m0_DP",1.65809851342548e-30,"eso_high_dupi","LEANR+ORA",68.5718813178496
"684","LS_v_NL_BSL",1.93494795720614e-28,"eso_high_dupi","LEANR+ORA",63.8123021732139
"685","LS_Dup_W16",3.02632298620136e-13,"eso_high_dupi","LEANR+ORA",28.8262578622394
"686","LS_v_NL_post_DP",1.92023296230324e-12,"eso_high_dupi","LEANR+ORA",26.9785746027164
"687","LS_Dup_W4",3.42840143939128e-11,"eso_high_dupi","LEANR+ORA",24.0963419230486
"688","LS_pre_post_DPL",2.15325046174405e-30,"eso_high_dupi","LEANR+ORA",68.3105742466937
"689","LS_v_NL_BSL",1.58810803707908e-24,"eso_high_dupi","LEANR+ORA",54.7994988379212
"690","serum_AD_eosinophil_high_pre_v_post_DP",9.71378597022022e-22,"eso_high_dupi","LEANR+ORA",48.3833259353136
"691","serum_AD_m3_v_m0_DP",3.94184078202813e-16,"eso_high_dupi","LEANR+ORA",35.46971367014
"692","LS_v_NL_post_DP",7.03383945539464e-10,"eso_high_dupi","LEANR+ORA",21.0751182202329
"693","LS_Dup_W16",3.14274503918207e-09,"eso_high_dupi","LEANR+ORA",19.5781692026307
"694","LS_pre_post_DPL",4.37960054780198e-10,"eso_high_dupi","LEANR+ORA",21.548893408843
"695","LS_v_NL_BSL",6.65667440621007e-06,"eso_high_dupi","LEANR+ORA",11.9198905365298
"696","LS_v_NL_post_DP",0.0118627100217873,"eso_high_dupi","LEANR+ORA",4.43435541052106
"697","LS_pre_post_DPL",1.81004254368837e-21,"eso_high_dupi","LEANR+ORA",47.7609366030733
"698","serum_AD_m3_v_m0_DP",3.72295073252076e-12,"eso_high_dupi","LEANR+ORA",26.3165045543996
"699","LS_v_NL_BSL",1.54147293568442e-11,"eso_high_dupi","LEANR+ORA",24.8956976118744
"700","LS_v_NL_post_DP",4.09051676555594e-05,"eso_high_dupi","LEANR+ORA",10.1042541543501
"701","serum_AD_eosinophil_high_pre_v_post_DP",8.15289353920828e-17,"eso_high_dupi","LEANR+ORA",37.0455736811705
"702","LS_pre_post_DPL",3.53182101826121e-16,"eso_high_dupi","LEANR+ORA",35.5795478807785
"703","serum_AD_m3_v_m0_DP",3.19173206110025e-14,"eso_high_dupi","LEANR+ORA",31.0756275666104
"704","LS_v_NL_BSL",1.956551620759e-09,"eso_high_dupi","LEANR+ORA",20.0520822903895
"705","LS_Dup_W16",5.09932825400579e-05,"eso_high_dupi","LEANR+ORA",9.88381664881594
"706","serum_AD_eosinophil_high_pre_v_post_DP",7.66823036369484e-23,"eso_high_dupi","LEANR+ORA",50.9223712719172
"707","LS_pre_post_DPL",1.70246074848504e-20,"eso_high_dupi","LEANR+ORA",45.5196271563269
"708","serum_AD_m3_v_m0_DP",1.18715438950728e-18,"eso_high_dupi","LEANR+ORA",41.2749724997416
"709","LS_v_NL_BSL",4.92310689760872e-16,"eso_high_dupi","LEANR+ORA",35.2474216734484
"710","LS_Dup_W16",9.2729953361549e-09,"eso_high_dupi","LEANR+ORA",18.4961593880773
"711","LS_v_NL_post_DP",1.32679543858048e-06,"eso_high_dupi","LEANR+ORA",13.5327439677898
"712","serum_AD_eosinophil_high_pre_v_post_DP",8.29233602214561e-12,"eso_high_dupi","LEANR+ORA",25.5156893985213
"713","serum_AD_m3_v_m0_DP",1.07799328578281e-06,"eso_high_dupi","LEANR+ORA",13.7404093138987
"714","LS_pre_post_DPL",0.0171564987570871,"eso_high_dupi","LEANR+ORA",4.0653782408751
"715","LS_v_NL_BSL",0.0171564987570871,"eso_high_dupi","LEANR+ORA",4.0653782408751
"716","serum_AD_eosinophil_high_pre_v_post_DP",4.36734570923202e-30,"eso_high_dupi","LEANR+ORA",67.6033973544412
"717","LS_pre_post_DPL",3.83400157164149e-28,"eso_high_dupi","LEANR+ORA",63.1284735492878
"718","serum_AD_m3_v_m0_DP",2.98264743039996e-23,"eso_high_dupi","LEANR+ORA",51.8666458332759
"719","LS_v_NL_BSL",2.15075716648756e-15,"eso_high_dupi","LEANR+ORA",33.7729564443092
"720","LS_v_NL_post_DP",2.78142073156053e-09,"eso_high_dupi","LEANR+ORA",19.7003039852696
"721","LS_Dup_W16",2.14786247288572e-07,"eso_high_dupi","LEANR+ORA",15.3536225020198
"722","LS_Dup_W4",8.71294982863332e-07,"eso_high_dupi","LEANR+ORA",13.9532852459453
"723","LS_pre_post_DPL",2.33680324033655e-19,"eso_high_dupi","LEANR+ORA",42.9003329081409
"724","LS_v_NL_BSL",2.02609324528903e-09,"eso_high_dupi","LEANR+ORA",20.0171564078508
"725","LS_v_NL_post_DP",6.92914630569699e-09,"eso_high_dupi","LEANR+ORA",18.787529219544
"726","LS_pre_post_DPL",1.36620693800215e-31,"eso_high_dupi","LEANR+ORA",71.0680996411917
"727","serum_AD_eosinophil_high_pre_v_post_DP",6.65362982899534e-31,"eso_high_dupi","LEANR+ORA",69.4849753381169
"728","serum_AD_m3_v_m0_DP",1.10396011501302e-25,"eso_high_dupi","LEANR+ORA",57.4657235053545
"729","LS_v_NL_BSL",3.53800307149715e-17,"eso_high_dupi","LEANR+ORA",37.8803841170165
"730","LS_Dup_W16",2.73030851936057e-12,"eso_high_dupi","LEANR+ORA",26.6266065023621
"731","LS_v_NL_post_DP",4.35090271898634e-08,"eso_high_dupi","LEANR+ORA",16.9502973987753
"732","LS_Dup_W4",5.34755073263008e-08,"eso_high_dupi","LEANR+ORA",16.7440420948551
"733","LS_v_NL_DP_W0",2.58117473713416e-05,"eso_high_dupi","LEANR+ORA",10.5646808451948
"734","LS_pre_post_DPL",3.07839214621544e-49,"eso_high_dupi","LEANR+ORA",111.702262126478
"735","LS_v_NL_BSL",8.17279599191738e-30,"eso_high_dupi","LEANR+ORA",66.9767417128228
"736","serum_AD_eosinophil_high_pre_v_post_DP",8.92086373070379e-30,"eso_high_dupi","LEANR+ORA",66.8891600171209
"737","serum_AD_m3_v_m0_DP",2.07904488969655e-27,"eso_high_dupi","LEANR+ORA",61.4378889102308
"738","LS_Dup_W16",1.42261450458624e-13,"eso_high_dupi","LEANR+ORA",29.5811098298284
"739","LS_v_NL_post_DP",2.30273204107707e-12,"eso_high_dupi","LEANR+ORA",26.7969248539753
"740","LS_Dup_W4",4.22126279538921e-10,"eso_high_dupi","LEANR+ORA",21.5857166060425
"741","LS_pre_post_DPL",7.51287396807097e-34,"eso_high_dupi","LEANR+ORA",76.2712750837315
"742","serum_AD_eosinophil_high_pre_v_post_DP",5.65506352832273e-25,"eso_high_dupi","LEANR+ORA",55.8320759813368
"743","serum_AD_m3_v_m0_DP",3.33618313313753e-20,"eso_high_dupi","LEANR+ORA",44.8468744808667
"744","LS_v_NL_BSL",2.01617538636519e-19,"eso_high_dupi","LEANR+ORA",43.0479144232568
"745","LS_v_NL_post_DP",3.08500611209786e-10,"eso_high_dupi","LEANR+ORA",21.899297291354
"746","LS_Dup_W16",7.72749611346242e-09,"eso_high_dupi","LEANR+ORA",18.6784809448713
"747","LS_pre_post_DPL",5.6098611935244e-54,"eso_high_dupi","LEANR+ORA",122.615069045137
"748","LS_v_NL_BSL",1.79772453881959e-32,"eso_high_dupi","LEANR+ORA",73.096201255713
"749","serum_AD_eosinophil_high_pre_v_post_DP",1.57224887376974e-29,"eso_high_dupi","LEANR+ORA",66.3224606987037
"750","serum_AD_m3_v_m0_DP",2.0822224157768e-29,"eso_high_dupi","LEANR+ORA",66.0415319043975
"751","LS_v_NL_post_DP",1.25988079983885e-15,"eso_high_dupi","LEANR+ORA",34.307759281725
"752","LS_Dup_W4",6.65074482910793e-14,"eso_high_dupi","LEANR+ORA",30.3414624491438
"753","LS_Dup_W16",7.1769926925214e-12,"eso_high_dupi","LEANR+ORA",25.6601406656612
"754","LS_v_NL_DP_W0",7.17495936922026e-06,"eso_high_dupi","LEANR+ORA",11.8449134591611
"755","LS_pre_post_DPL",1.19847201900927e-36,"eso_high_dupi","LEANR+ORA",82.7120159198415
"756","serum_AD_eosinophil_high_pre_v_post_DP",6.24346793434523e-29,"eso_high_dupi","LEANR+ORA",64.9434319101135
"757","LS_v_NL_BSL",1.67141708560818e-26,"eso_high_dupi","LEANR+ORA",59.3535405969788
"758","serum_AD_m3_v_m0_DP",9.60941289300295e-26,"eso_high_dupi","LEANR+ORA",57.6044692900692
"759","LS_v_NL_post_DP",3.76046591805261e-14,"eso_high_dupi","LEANR+ORA",30.9116484378159
"760","LS_Dup_W16",1.86364552953328e-12,"eso_high_dupi","LEANR+ORA",27.0084865843085
"761","LS_pre_post_DPL",1.01259104498252e-47,"eso_high_dupi","LEANR+ORA",108.208986933794
"762","LS_v_NL_BSL",1.25634152673448e-33,"eso_high_dupi","LEANR+ORA",75.7571041215301
"763","serum_AD_eosinophil_high_pre_v_post_DP",1.84247732080298e-30,"eso_high_dupi","LEANR+ORA",68.4664417537422
"764","serum_AD_m3_v_m0_DP",3.96505586129844e-26,"eso_high_dupi","LEANR+ORA",58.4896924742578
"765","LS_v_NL_post_DP",7.09050746342322e-18,"eso_high_dupi","LEANR+ORA",39.4877747613793
"766","LS_Dup_W16",1.14778279134037e-11,"eso_high_dupi","LEANR+ORA",25.1906039490884
"767","LS_pre_post_DPL",3.17225865720275e-47,"eso_high_dupi","LEANR+ORA",107.067055526387
"768","LS_v_NL_BSL",3.92114657224039e-33,"eso_high_dupi","LEANR+ORA",74.6189239648504
"769","serum_AD_eosinophil_high_pre_v_post_DP",1.27931430214947e-26,"eso_high_dupi","LEANR+ORA",59.6208881848987
"770","serum_AD_m3_v_m0_DP",9.42522323929462e-25,"eso_high_dupi","LEANR+ORA",55.3212379059308
"771","LS_v_NL_post_DP",3.4277542993737e-13,"eso_high_dupi","LEANR+ORA",28.7017008853843
"772","LS_Dup_W16",5.74441487384261e-13,"eso_high_dupi","LEANR+ORA",28.1853781524447
"773","LS_Dup_W4",8.35373166570138e-12,"eso_high_dupi","LEANR+ORA",25.5083127708265
"774","LS_pre_post_DPL",9.92384164649917e-45,"eso_high_dupi","LEANR+ORA",101.32138907565
"775","serum_AD_eosinophil_high_pre_v_post_DP",5.51737995049657e-38,"eso_high_dupi","LEANR+ORA",85.7903304328143
"776","serum_AD_m3_v_m0_DP",5.22792122602577e-33,"eso_high_dupi","LEANR+ORA",74.3312943408624
"777","LS_v_NL_BSL",8.42136236424351e-30,"eso_high_dupi","LEANR+ORA",66.9467811736765
"778","LS_v_NL_post_DP",7.04029754664118e-13,"eso_high_dupi","LEANR+ORA",27.9819557744979
"779","LS_Dup_W16",1.13085319731881e-11,"eso_high_dupi","LEANR+ORA",25.2054636332359
"780","LS_Dup_W4",2.90463921479881e-10,"eso_high_dupi","LEANR+ORA",21.9595417419109
"781","serum_AD_eosinophil_high_pre_v_post_DP",1.65044257559832e-47,"eso_high_dupi","LEANR+ORA",107.720455891139
"782","LS_pre_post_DPL",1.65044257559832e-47,"eso_high_dupi","LEANR+ORA",107.720455891139
"783","serum_AD_m3_v_m0_DP",1.74701533834336e-37,"eso_high_dupi","LEANR+ORA",84.6377396298476
"784","LS_v_NL_BSL",1.18165004899508e-30,"eso_high_dupi","LEANR+ORA",68.9106409815139
"785","LS_Dup_W16",3.75450400855802e-14,"eso_high_dupi","LEANR+ORA",30.9132351136918
"786","LS_v_NL_post_DP",5.2371397007929e-12,"eso_high_dupi","LEANR+ORA",25.975245625258
"787","LS_Dup_W4",3.76210851505299e-10,"eso_high_dupi","LEANR+ORA",21.7008713544343
"788","LS_v_NL_DP_W0",5.13975181946809e-05,"eso_high_dupi","LEANR+ORA",9.87592067081905
"789","LS_pre_post_DPL",2.03226386950816e-38,"eso_high_dupi","LEANR+ORA",86.7890831554468
"790","serum_AD_eosinophil_high_pre_v_post_DP",1.26609967674674e-33,"eso_high_dupi","LEANR+ORA",75.7493670145736
"791","serum_AD_m3_v_m0_DP",7.5245117934718e-28,"eso_high_dupi","LEANR+ORA",62.454216673247
"792","LS_v_NL_BSL",2.23441040704007e-26,"eso_high_dupi","LEANR+ORA",59.0632350245631
"793","LS_Dup_W16",8.671350057701e-12,"eso_high_dupi","LEANR+ORA",25.4709966212608
"794","LS_v_NL_post_DP",1.16128640277487e-11,"eso_high_dupi","LEANR+ORA",25.1789076643575
"795","LS_Dup_W4",6.17691728190886e-09,"eso_high_dupi","LEANR+ORA",18.9024465116273
"796","LS_pre_post_DPL",2.21764534005189e-39,"eso_high_dupi","LEANR+ORA",89.0043726514132
"797","LS_v_NL_BSL",9.70376810533946e-28,"eso_high_dupi","LEANR+ORA",62.1998683292887
"798","serum_AD_eosinophil_high_pre_v_post_DP",4.51700151581809e-24,"eso_high_dupi","LEANR+ORA",53.754193839604
"799","serum_AD_m3_v_m0_DP",9.10469359242005e-23,"eso_high_dupi","LEANR+ORA",50.7506670789219
"800","LS_v_NL_post_DP",2.21895001027243e-11,"eso_high_dupi","LEANR+ORA",24.5314019072809
"801","LS_Dup_W16",1.88484508844612e-10,"eso_high_dupi","LEANR+ORA",22.3920052936132
"802","serum_AD_eosinophil_high_pre_v_post_DP",1.34627604512691e-14,"eso_high_dupi","LEANR+ORA",31.9388490061886
"803","serum_AD_m3_v_m0_DP",5.5526565864633e-10,"eso_high_dupi","LEANR+ORA",21.3115744524777
"804","LS_pre_post_DPL",0.000635797790594238,"eso_high_dupi","LEANR+ORA",7.36062998449481
"805","LS_v_NL_BSL",0.00090116089108623,"eso_high_dupi","LEANR+ORA",7.01182674683449
"806","LS_v_NL_post_DP",0.0112264427530549,"eso_high_dupi","LEANR+ORA",4.48948332327417
"807","LS_pre_post_DPL",1.3738888403721e-17,"eso_high_dupi","LEANR+ORA",38.8263012925751
"808","serum_AD_eosinophil_high_pre_v_post_DP",5.31602423003095e-13,"eso_high_dupi","LEANR+ORA",28.2628805101379
"809","LS_v_NL_BSL",5.01169690068779e-12,"eso_high_dupi","LEANR+ORA",26.0192465554465
"810","LS_v_NL_post_DP",0.000272374065873922,"eso_high_dupi","LEANR+ORA",8.20833419426417
"811","LS_pre_post_DPL",8.79685481877402e-28,"eso_high_dupi","LEANR+ORA",62.2979883531917
"812","LS_v_NL_BSL",4.29469086491017e-17,"eso_high_dupi","LEANR+ORA",37.6865670036268
"813","serum_AD_eosinophil_high_pre_v_post_DP",5.46548188718139e-14,"eso_high_dupi","LEANR+ORA",30.5377390071981
"814","serum_AD_m3_v_m0_DP",1.48630148202257e-11,"eso_high_dupi","LEANR+ORA",24.9321452156402
"815","LS_v_NL_post_DP",6.74784102708165e-07,"eso_high_dupi","LEANR+ORA",14.2088730450759
"816","LS_pre_post_DPL",3.15737027664478e-41,"eso_high_dupi","LEANR+ORA",93.2562493225553
"817","serum_AD_eosinophil_high_pre_v_post_DP",2.02880031111012e-28,"eso_high_dupi","LEANR+ORA",63.7649379652257
"818","LS_v_NL_BSL",2.98448365187261e-25,"eso_high_dupi","LEANR+ORA",56.4712005739167
"819","serum_AD_m3_v_m0_DP",1.80249897072136e-23,"eso_high_dupi","LEANR+ORA",52.3702831197146
"820","LS_v_NL_post_DP",2.30427955476389e-12,"eso_high_dupi","LEANR+ORA",26.7962530459224
"821","LS_Dup_W16",9.1136774945769e-10,"eso_high_dupi","LEANR+ORA",20.8160746234417
"822","LS_pre_post_DPL",2.55066028720453e-40,"eso_high_dupi","LEANR+ORA",91.167051457951
"823","LS_v_NL_BSL",3.38185139034533e-29,"eso_high_dupi","LEANR+ORA",65.556544388669
"824","serum_AD_eosinophil_high_pre_v_post_DP",2.31456477648082e-21,"eso_high_dupi","LEANR+ORA",47.5150652845314
"825","serum_AD_m3_v_m0_DP",1.32850294405827e-18,"eso_high_dupi","LEANR+ORA",41.1624789716006
"826","LS_v_NL_post_DP",1.11086140034386e-11,"eso_high_dupi","LEANR+ORA",25.223300272225
"827","LS_Dup_W16",8.71873921720326e-09,"eso_high_dupi","LEANR+ORA",18.5577911946621
"828","LS_pre_post_DPL",6.99130546537621e-09,"eso_high_dupi","LEANR+ORA",18.7785985362821
"829","LS_v_NL_BSL",4.92950316371306e-07,"eso_high_dupi","LEANR+ORA",14.5228574461337
"830","LS_v_NL_post_DP",0.00881328229274136,"eso_high_dupi","LEANR+ORA",4.73149534397611
"831","LS_pre_post_DPL",5.27527499199416e-49,"eso_high_dupi","LEANR+ORA",111.163638747521
"832","serum_AD_eosinophil_high_pre_v_post_DP",8.71390049494758e-36,"eso_high_dupi","LEANR+ORA",80.7281438391426
"833","LS_v_NL_BSL",1.10844050354169e-34,"eso_high_dupi","LEANR+ORA",78.1849390861077
"834","serum_AD_m3_v_m0_DP",1.53167368296981e-32,"eso_high_dupi","LEANR+ORA",73.2563619278514
"835","LS_v_NL_post_DP",8.81258555111841e-14,"eso_high_dupi","LEANR+ORA",30.060010425897
"836","LS_Dup_W16",1.29452678257051e-12,"eso_high_dupi","LEANR+ORA",27.3728759064233
"837","LS_Dup_W4",5.9955531803166e-11,"eso_high_dupi","LEANR+ORA",23.5374179650979
"838","LS_pre_post_DPL",7.9315420980838e-07,"eso_high_dupi","LEANR+ORA",14.0472481703983
"839","LS_v_NL_BSL",0.000378226025890142,"eso_high_dupi","LEANR+ORA",7.88001858895648
"840","LS_pre_post_DPL",4.42420618165345e-39,"eso_high_dupi","LEANR+ORA",88.3137277583775
"841","serum_AD_eosinophil_high_pre_v_post_DP",7.77658745514583e-39,"eso_high_dupi","LEANR+ORA",87.7497010152479
"842","serum_AD_m3_v_m0_DP",3.89221714858862e-30,"eso_high_dupi","LEANR+ORA",67.7185738334804
"843","LS_v_NL_BSL",9.52824783587716e-20,"eso_high_dupi","LEANR+ORA",43.7974410168441
"844","LS_v_NL_post_DP",2.17719258393527e-07,"eso_high_dupi","LEANR+ORA",15.3400594096258
"845","LS_Dup_W16",1.06362939541302e-06,"eso_high_dupi","LEANR+ORA",13.7538235403015
"846","LS_Dup_W4",5.47875160673679e-06,"eso_high_dupi","LEANR+ORA",12.1146332919464
"847","LS_v_NL_DP_W0",0.0150027802643784,"eso_high_dupi","LEANR+ORA",4.19951974409674
"848","LS_pre_post_DPL",0.0130782322096213,"eso_high_dupi","LEANR+ORA",4.33680609425659
"849","serum_AD_eosinophil_high_pre_v_post_DP",1.06674678582143e-10,"eso_high_dupi","LEANR+ORA",22.961237299916
"850","LS_pre_post_DPL",1.176698593668e-08,"eso_high_dupi","LEANR+ORA",18.2579680286145
"851","serum_AD_m3_v_m0_DP",5.14977275868425e-08,"eso_high_dupi","LEANR+ORA",16.7817281547776
"852","LS_v_NL_BSL",4.00464992474074e-07,"eso_high_dupi","LEANR+ORA",14.7306394838113
"853","LS_Dup_W16",0.000614665140691021,"eso_high_dupi","LEANR+ORA",7.39443292512572
"854","LS_pre_post_DPL",1.81004254368837e-21,"eso_high_dupi","LEANR+ORA",47.7609366030733
"855","serum_AD_eosinophil_high_pre_v_post_DP",1.30856497803858e-16,"eso_high_dupi","LEANR+ORA",36.5724303877327
"856","serum_AD_m3_v_m0_DP",6.00108721852593e-14,"eso_high_dupi","LEANR+ORA",30.4442506460162
"857","LS_v_NL_BSL",1.54147293568442e-11,"eso_high_dupi","LEANR+ORA",24.8956976118744
"858","LS_v_NL_post_DP",4.0857674763687e-06,"eso_high_dupi","LEANR+ORA",12.4080009705869
"859","LS_pre_post_DPL",2.54988014467884e-27,"eso_high_dupi","LEANR+ORA",61.2337511548603
"860","LS_v_NL_BSL",2.71337222658592e-16,"eso_high_dupi","LEANR+ORA",35.8431692625385
"861","serum_AD_eosinophil_high_pre_v_post_DP",7.90333481223116e-16,"eso_high_dupi","LEANR+ORA",34.7740766893722
"862","serum_AD_m3_v_m0_DP",1.36685180951753e-15,"eso_high_dupi","LEANR+ORA",34.2262662486651
"863","LS_Dup_W16",1.17954847713361e-07,"eso_high_dupi","LEANR+ORA",15.9529639322055
"864","LS_v_NL_post_DP",8.81314654562057e-07,"eso_high_dupi","LEANR+ORA",13.9418511186322
"865","LS_pre_post_DPL",1.15948893107785e-19,"eso_high_dupi","LEANR+ORA",43.601137435508
"866","serum_AD_eosinophil_high_pre_v_post_DP",6.66104802046747e-19,"eso_high_dupi","LEANR+ORA",41.8528399342839
"867","serum_AD_m3_v_m0_DP",8.9986592217189e-16,"eso_high_dupi","LEANR+ORA",34.644285897031
"868","LS_v_NL_BSL",9.7489751154063e-14,"eso_high_dupi","LEANR+ORA",29.9590291388006
"869","LS_Dup_W16",6.00834220800445e-06,"eso_high_dupi","LEANR+ORA",12.0223616864021
"870","LS_v_NL_post_DP",7.40675966085998e-05,"eso_high_dupi","LEANR+ORA",9.51053241403403
"871","LS_pre_post_DPL",5.16948631543911e-43,"eso_high_dupi","LEANR+ORA",97.3683856738759
"872","serum_AD_eosinophil_high_pre_v_post_DP",3.84002328242813e-33,"eso_high_dupi","LEANR+ORA",74.6398296390899
"873","LS_v_NL_BSL",4.96476411212936e-27,"eso_high_dupi","LEANR+ORA",60.5674317246159
"874","serum_AD_m3_v_m0_DP",7.02859996228681e-27,"eso_high_dupi","LEANR+ORA",60.2198099767296
"875","LS_Dup_W16",7.78644420295207e-12,"eso_high_dupi","LEANR+ORA",25.5786368168711
"876","LS_Dup_W4",5.66099390650687e-11,"eso_high_dupi","LEANR+ORA",23.5948365442793
"877","LS_v_NL_post_DP",1.48574608423846e-10,"eso_high_dupi","LEANR+ORA",22.6299338702247
"878","LS_v_NL_DP_W0",2.53767621977114e-06,"eso_high_dupi","LEANR+ORA",12.8842617697924
"879","serum_AD_eosinophil_high_pre_v_post_DP",7.23341152570934e-25,"eso_high_dupi","LEANR+ORA",55.5859165430254
"880","LS_pre_post_DPL",1.35417978838012e-23,"eso_high_dupi","LEANR+ORA",52.6562611900415
"881","serum_AD_m3_v_m0_DP",5.38080096742458e-22,"eso_high_dupi","LEANR+ORA",48.9740348040732
"882","LS_v_NL_BSL",8.17590994706396e-20,"eso_high_dupi","LEANR+ORA",43.9505098407826
"883","LS_Dup_W16",4.67936648636039e-11,"eso_high_dupi","LEANR+ORA",23.7852732883301
"884","LS_Dup_W4",1.52792166349036e-10,"eso_high_dupi","LEANR+ORA",22.6019425078596
"885","LS_v_NL_post_DP",5.20965515390869e-09,"eso_high_dupi","LEANR+ORA",19.0727521726407
"886","LS_pre_post_DPL",1.38470877839274e-44,"eso_high_dupi","LEANR+ORA",100.988254242517
"887","LS_v_NL_BSL",2.18567099887989e-32,"eso_high_dupi","LEANR+ORA",72.9008001010965
"888","serum_AD_eosinophil_high_pre_v_post_DP",1.7692349097588e-24,"eso_high_dupi","LEANR+ORA",54.6914950330938
"889","serum_AD_m3_v_m0_DP",3.1423589598448e-23,"eso_high_dupi","LEANR+ORA",51.8144833599012
"890","LS_v_NL_post_DP",4.40163209797379e-11,"eso_high_dupi","LEANR+ORA",23.8464606194306
"891","LS_Dup_W16",9.4063096398114e-11,"eso_high_dupi","LEANR+ORA",23.0870553205604
"892","LS_pre_post_DPL",0.000102383102617907,"eso_high_dupi","LEANR+ORA",9.18678887247209
"893","LS_v_NL_BSL",0.036135393225184,"eso_high_dupi","LEANR+ORA",3.32048247219255
"894","LS_pre_post_DPL",4.86211923450041e-32,"eso_high_dupi","LEANR+ORA",72.1012485764605
"895","LS_v_NL_BSL",8.14698312924799e-23,"eso_high_dupi","LEANR+ORA",50.8618094483299
"896","serum_AD_eosinophil_high_pre_v_post_DP",6.71137608451703e-20,"eso_high_dupi","LEANR+ORA",44.1478978502635
"897","serum_AD_m3_v_m0_DP",4.01495382336213e-18,"eso_high_dupi","LEANR+ORA",40.0565058275908
"898","LS_v_NL_post_DP",4.76458014688513e-10,"eso_high_dupi","LEANR+ORA",21.4646415085978
"899","LS_Dup_W16",2.52032206062224e-08,"eso_high_dupi","LEANR+ORA",17.4962940487608
"900","LS_pre_post_DPL",6.03915534379802e-50,"eso_high_dupi","LEANR+ORA",113.330990491277
"901","LS_v_NL_BSL",1.55448853885241e-34,"eso_high_dupi","LEANR+ORA",77.8467465841917
"902","serum_AD_eosinophil_high_pre_v_post_DP",1.61705563421071e-27,"eso_high_dupi","LEANR+ORA",61.6891905250163
"903","serum_AD_m3_v_m0_DP",1.00574523064943e-23,"eso_high_dupi","LEANR+ORA",52.9537283491101
"904","LS_v_NL_post_DP",2.56441239390545e-16,"eso_high_dupi","LEANR+ORA",35.899632121723
"905","LS_Dup_W16",4.04286808154978e-11,"eso_high_dupi","LEANR+ORA",23.9314816616606
"906","LS_Dup_W4",6.04544617203878e-10,"eso_high_dupi","LEANR+ORA",21.2265456401543
"907","serum_AD_eosinophil_high_pre_v_post_DP",5.14848021500966e-14,"eso_high_dupi","LEANR+ORA",30.5974897346743
"908","LS_pre_post_DPL",2.22024505545481e-10,"eso_high_dupi","LEANR+ORA",22.2282333548083
"909","serum_AD_m3_v_m0_DP",1.61233743228172e-07,"eso_high_dupi","LEANR+ORA",15.6404107035426
"910","LS_v_NL_BSL",5.97831130899758e-07,"eso_high_dupi","LEANR+ORA",14.329957512675
"911","LS_v_NL_post_DP",4.87928047308255e-05,"eso_high_dupi","LEANR+ORA",9.92792770001657
"912","LS_Dup_W16",0.000882577051870601,"eso_high_dupi","LEANR+ORA",7.03266446206667
"913","LS_v_NL_DP_High_Response_BSL",0.0372133275638252,"advh","GSEA",3.29108831402087
"914","NL_DP_W16",0.00438400571739809,"advh","GSEA",5.42979242518625
"915","serum_AD_eosinophil_high_v_healthy_BSL",1.03283302065556e-14,"advh","GSEA",32.2038857699026
"916","serum_AD_eosinophil_low_v_high_BSL",7.82873360863368e-40,"advh","GSEA",90.0456029586464
"917","serum_AD_v_healthy_BSL",4.59505725495174e-06,"advh","GSEA",12.2905293419618
"918","serum_AD_eosinophil_low_v_high_BSL",0.000202866602165134,"eso_high_v_healthy","GSEA",8.50296192711994
"919","LS_Dup_W16",1.93898448688515e-18,"dupi","GSEA",40.7843672982393
"920","LS_Dup_W4",4.67025967925869e-08,"dupi","GSEA",16.8794660679805
"921","LS_Plac_W16",9.9547059801405e-07,"dupi","GSEA",13.8200502487713
"922","LS_TrtEff_W16",0.0110683182401721,"dupi","GSEA",4.503668464293
"923","LS_TrtEff_W4",0.000397694931231595,"dupi","GSEA",7.8298253510378
"924","LS_pre_post_DPL",8.74819498148372e-11,"dupi","GSEA",23.1595886316757
"925","LS_v_NL_BSL",2.28618888938243e-24,"dupi","GSEA",54.4351560411218
"926","LS_v_NL_DP_High_Response_BSL",5.78115256323313e-06,"dupi","GSEA",12.0609074897549
"927","LS_v_NL_DP_W0",2.51648283345187e-08,"dupi","GSEA",17.4978185183381
"928","LS_v_NL_plac_W0",1.56854508146011e-07,"dupi","GSEA",15.6679471609567
"929","LS_v_NL_plac_W16",3.06338839786509e-06,"dupi","GSEA",12.6959889350623
"930","LS_v_healthy_BSL",0.00743998533993036,"dupi","GSEA",4.90088640057855
"931","NL_DP_W16",0.00743998533993036,"dupi","GSEA",4.90088640057855
"932","NL_Plac_W16",0.000676127243236863,"dupi","GSEA",7.29912926999396
"933","acute_v_chronic_AD",0.0214704588769975,"dupi","GSEA",3.84107729438098
"934","dynamic_transcriptomic_signature",0.00142542495739828,"dupi","GSEA",6.5532852940009
"935","serum_AD_eosinophil_high_pre_v_post_DP",6.02065161771875e-29,"dupi","GSEA",64.9797722012184
"936","serum_AD_eosinophil_low_v_healthy_BSL",0.000279098430402566,"dupi","GSEA",8.18394604121937
"937","serum_AD_m3_v_m0_DP",2.9e-49,"dupi","GSEA",111.761958819716
"938","LS_Dup_W16",1.04523714214479e-16,"eso_high_dupi","GSEA",36.7971176979506
"939","LS_Dup_W4",2.29505025189289e-08,"eso_high_dupi","GSEA",17.58992600443
"940","LS_Plac_W16",0.000636694546411843,"eso_high_dupi","GSEA",7.3592205363748
"941","LS_TrtEff_W4",1.37176356285482e-06,"eso_high_dupi","GSEA",13.4994133737919
"942","LS_pre_post_DPL",6.80124616091067e-08,"eso_high_dupi","GSEA",16.5035748896027
"943","LS_v_NL_BSL",2.85820437957167e-36,"eso_high_dupi","GSEA",81.8428697594381
"944","LS_v_NL_DP_High_Response_BSL",3.2412854738045e-13,"eso_high_dupi","GSEA",28.7576362066291
"945","LS_v_NL_DP_W0",3.28568076875321e-06,"eso_high_dupi","GSEA",12.6259366919567
"946","LS_v_NL_plac_W0",6.58603518043525e-05,"eso_high_dupi","GSEA",9.62797393933047
"947","LS_v_NL_plac_W16",1.47143023859636e-05,"eso_high_dupi","GSEA",11.1266905857639
"948","LS_v_NL_post_DP",9.93226760650263e-20,"eso_high_dupi","GSEA",43.7559130487294
"949","NL_DP_W16",0.0297494780793319,"eso_high_dupi","GSEA",3.51494369069626
"950","NL_Plac_W16",2.04606657542449e-05,"eso_high_dupi","GSEA",10.797006258662
"951","NL_pre_post_DPL",1.1390775472072e-07,"eso_high_dupi","GSEA",15.9878768852224
"952","core_transcriptomic_signature",0.0200093576100266,"eso_high_dupi","GSEA",3.91155523434877
"953","dynamic_transcriptomic_signature",0.00259539632570151,"eso_high_dupi","GSEA",5.95401604735857
"954","serum_AD_eosinophil_high_pre_v_post_DP",5.25300301177436e-25,"eso_high_dupi","GSEA",55.9058274095358
"955","serum_AD_eosinophil_low_v_high_BSL",1.23915407175189e-15,"eso_high_dupi","GSEA",34.3243474482983
"956","serum_AD_m3_v_m0_DP",3e-49,"eso_high_dupi","GSEA",111.72805726804
"957","serum_AD_v_healthy_BSL",0.0139050575604708,"eso_high_dupi","GSEA",4.27550265175276
"958","type2high_v_type2low",0.0436058470230096,"eso_high_dupi","GSEA",3.13256403158623
"959","LS_Dup_W16",2.54125416719192e-05,"eso_low_dupi","GSEA",10.5802677391914
"960","LS_Plac_W16",0.00205705119821231,"eso_low_dupi","GSEA",6.18648177887273
"961","LS_pre_post_DPL",0.0176828304029673,"eso_low_dupi","GSEA",4.03516114392021
"962","LS_v_NL_BSL",1.03032560537255e-06,"eso_low_dupi","GSEA",13.7856356839577
"963","LS_v_NL_DP_W0",0.0376717676452217,"eso_low_dupi","GSEA",3.27884433389751
"964","LS_v_NL_plac_W0",0.00197812390167747,"eso_low_dupi","GSEA",6.22560640786603
"965","LS_v_NL_plac_W16",0.000193600606142978,"eso_low_dupi","GSEA",8.54971325222288
"966","LS_v_healthy_BSL",0.000203494607019194,"eso_low_dupi","GSEA",8.49987105456697
"967","NL_Plac_W16",0.025574786876776,"eso_low_dupi","GSEA",3.66614830044306
"968","acute_v_chronic_AD",0.014792899408284,"eso_low_dupi","GSEA",4.21360798304892
"969","dynamic_transcriptomic_signature",0.00674932506749325,"eso_low_dupi","GSEA",4.99831276909803
"970","serum_AD_eosinophil_high_pre_v_post_DP",0.000203494607019194,"eso_low_dupi","GSEA",8.49987105456697
"971","serum_AD_eosinophil_high_v_healthy_BSL",1.25666261227002e-06,"eso_low_dupi","GSEA",13.587051071488
"972","serum_AD_eosinophil_low_v_high_BSL",0.00637858746604482,"eso_low_dupi","GSEA",5.05480860644456
"973","serum_AD_m3_v_m0_DP",2.43818891733432e-09,"eso_low_dupi","GSEA",19.8320103202371
"974","serum_AD_v_healthy_BSL",0.00118610086761142,"eso_low_dupi","GSEA",6.73708393344679
